"System_ID","FIPS","System_Name","FTE_Reported_on_2025_QBE_Allotment","Local_Revenues","Per_FTE_Local","X_Local","State_Revenues","Per_FTE_State","X_State","Federal_Revenues","Per_FTE_Federal","X_Federal","Total_Revenues","Per_FTE_Total_Revenues","Instruction","Per_FTE_Instruction","Pupil_Services","Per_FTE_Pupil_Services","Staff_Services","X","Per_FTE_Staff_Services","General_Administration","Per_FTE_General_Administration","School_Administration","Per_FTE_School_Administration","Transportation","Per_FTE_Transportation","Maintenance_Operation","Per_FTE_Maintenance_Operation","Total_Expenditure","Per_FTE_total_Expenditure"
"601","13001","Appling County","3,266","18,751,117.94","5,741.31","39.42","24,478,894.56","7,495.07","51.46","4,339,362.74","1,328.65","9.12","47,569,375.24","14,565.03","31,701,772.10","9,706.61","2,010,720.18","615.65","2,497,316.76","","764.64","1,612,738.99","493.8","2,915,738.16","892.76","2,754,560.82","843.41","4,371,011.18","1,338.34","47,863,858.19","14,655.21"
"602","13003","Atkinson County","1,557","3,570,825.33","2,293.40","16.14","16,505,820.27","10,601.04","74.58","2,053,660.94","1,318.99","9.28","22,130,306.54","14,213.43","14,281,060.42","9,172.16","966,996.40","621.06","1,395,145.01","","896.05","871,101.03","559.47","1,528,447.47","981.66","1,216,345.13","781.21","1,820,784.84","1,169.42","22,079,880.30","14,181.03"
"603","13005","Bacon County","2,067","6,679,507.34","3,231.50","21.46","21,873,995.16","10,582.48","70.29","2,565,223.00","1,241.04","8.24","31,118,725.50","15,055.02","18,421,750.83","8,912.31","1,819,601.70","880.31","2,089,258.19","","1,010.77","1,234,998.30","597.48","1,657,365.03","801.82","1,838,815.23","889.61","2,857,799.77","1,382.58","29,919,589.05","14,474.88"
"604","13007","Baker County","277","2,533,164.46","9,145.00","37.43","3,120,205.78","11,264.28","46.11","1,113,605.19","4,020.24","16.46","6,766,975.43","24,429.52","3,482,885.62","12,573.59","197,619.96","713.43","443,736.48","","1,601.94","630,581.32","2,276.47","271,224.39","979.15","345,230.98","1,246.32","638,413.25","2,304.74","6,009,692.00","21,695.64"
"605","13009","Baldwin County","4,244","24,086,072.35","5,675.32","38.9","30,188,577.20","7,113.24","48.75","7,644,487.99","1,801.25","12.35","61,919,137.54","14,589.81","36,432,311.72","8,584.43","2,860,942.33","674.11","4,886,781.18","","1,151.46","3,056,761.85","720.25","3,958,102.30","932.63","5,870,670.53","1,383.29","5,308,217.44","1,250.76","62,373,787.35","14,696.93"
"606","13011","Banks County","2,835","19,552,201.62","6,896.72","43.19","23,931,386.13","8,441.41","52.86","1,788,935.92","631.02","3.95","45,272,523.67","15,969.15","28,419,113.52","10,024.38","2,475,383.85","873.15","2,588,199.33","","912.95","2,526,161.72","891.06","2,342,239.88","826.19","2,880,179.03","1,015.94","3,328,854.19","1,174.20","44,560,131.52","15,717.87"
"607","13013","Barrow County","15,468","84,347,109.58","5,453.01","36.86","131,332,086.34","8,490.57","57.4","13,140,067.13","849.5","5.74","228,819,263.05","14,793.08","146,698,216.03","9,483.98","12,393,312.26","801.22","13,807,031.92","","892.62","9,390,988.03","607.12","11,775,064.19","761.25","14,133,220.62","913.71","17,518,415.31","1,132.56","225,716,248.36","14,592.46"
"608","13015","Bartow County","13,788","112,324,661.46","8,146.55","49.51","99,337,135.11","7,204.61","43.79","15,193,327.84","1,101.92","6.7","226,855,124.41","16,453.08","150,193,472.52","10,893.06","10,495,901.79","761.23","8,165,182.71","","592.19","7,710,888.81","559.25","15,008,038.24","1,088.49","12,760,269.52","925.46","15,967,631.69","1,158.08","220,301,385.28","15,977.76"
"609","13015","Ben Hill County","2,640","9,297,494.97","3,521.78","21.1","30,734,192.62","11,641.74","69.73","4,042,429.75","1,531.22","9.17","44,074,117.34","16,694.74","27,419,253.04","10,386.08","2,042,689.77","773.75","790,239.24","","299.33","2,610,554.45","988.85","2,437,467.79","923.28","1,992,198.63","754.62","3,027,905.48","1,146.93","40,320,308.40","15,272.84"
"610","13017","Berrien County","2,945","8,562,272.52","2,907.39","22.02","27,299,144.27","9,269.66","70.22","3,015,209.93","1,023.84","7.76","38,876,626.72","13,200.89","25,712,581.50","8,730.93","1,765,934.09","599.64","1,752,030.78","","594.92","1,516,511.97","514.94","1,988,806.40","675.32","2,382,579.88","809.03","3,084,965.90","1,047.53","38,203,410.52","12,972.31"
"611","13019","Bibb County","20,784","106,756,446.60","5,136.47","33.24","169,670,829.44","8,163.53","52.83","44,731,002.65","2,152.18","13.93","321,158,278.69","15,452.18","185,649,515.23","8,932.33","17,343,694.11","834.47","30,023,830.65","","1,444.56","22,574,354.67","1,086.14","21,513,422.00","1,035.10","14,133,819.18","680.03","27,262,985.44","1,311.73","318,501,621.28","15,324.36"
"612","13021","Bleckley County","2,453","6,197,619.64","2,526.55","17.37","26,927,904.44","10,977.54","75.47","2,553,847.29","1,041.11","7.16","35,679,371.37","14,545.20","21,167,903.64","8,629.39","1,685,731.84","687.21","1,019,002.62","","415.41","1,370,671.63","558.77","2,101,211.48","856.59","2,613,566.47","1,065.46","2,570,401.34","1,047.86","32,528,489.02","13,260.69"
"613","13021","Brantley County","3,209","7,531,548.22","2,347.01","16.61","34,653,017.86","10,798.70","76.42","3,162,581.00","985.53","6.97","45,347,147.08","14,131.24","28,286,806.33","8,814.84","2,173,257.23","677.24","2,071,373.56","","645.49","1,600,908.82","498.88","3,515,974.82","1,095.66","3,163,200.28","985.73","5,215,960.79","1,625.42","46,027,481.83","14,343.26"
"614","13021","Brooks County","2,159","10,390,336.10","4,812.57","28.64","22,189,412.32","10,277.63","61.17","3,693,943.25","1,710.95","10.18","36,273,691.67","16,801.15","19,191,403.20","8,889.02","2,136,845.86","989.74","2,120,210.50","","982.03","2,855,073.23","1,322.41","2,425,760.95","1,123.56","2,736,297.24","1,267.39","3,455,792.16","1,600.64","34,921,383.14","16,174.79"
"615","13023","Bryan County","10,439","52,790,764.72","5,057.07","37.96","81,257,361.27","7,784.02","58.42","5,032,863.18","482.12","3.62","139,080,989.17","13,323.21","86,062,472.06","8,244.32","5,399,381.04","517.23","7,832,921.48","","750.35","5,471,590.54","524.15","8,706,594.56","834.04","6,955,703.86","666.32","11,088,967.45","1,062.26","131,517,630.99","12,598.67"
"616","13025","Bulloch County","10,610","58,245,764.09","5,489.70","36.19","94,577,691.80","8,914.01","58.77","8,117,539.03","765.08","5.04","160,940,994.92","15,168.79","100,980,396.79","9,517.47","15,148,592.11","1,427.77","7,824,663.50","","737.48","7,943,342.42","748.67","10,776,729.60","1,015.71","8,512,407.60","802.3","13,923,188.64","1,312.27","165,109,320.66","15,561.67"
"617","13027","Burke County","3,626","128,902,048.16","35,549.38","90.58","4,923,472.67","1,357.82","3.46","8,484,010.59","2,339.77","5.96","142,309,531.42","39,246.97","48,016,072.33","13,242.16","2,793,027.22","770.28","6,087,866.95","","1,678.95","4,281,554.69","1,180.79","4,563,756.05","1,258.62","9,334,342.65","2,574.28","6,597,180.86","1,819.41","81,673,800.75","22,524.49"
"618","13029","Butts County","3,361","23,122,172.52","6,879.55","43.71","25,427,206.03","7,565.37","48.07","4,345,340.55","1,292.87","8.22","52,894,719.10","15,737.79","29,353,529.25","8,733.57","4,567,148.81","1,358.87","3,184,827.70","","947.58","2,351,639.60","699.68","4,142,088.69","1,232.40","3,237,791.16","963.34","3,175,178.71","944.71","50,012,203.92","14,880.15"
"619","13031","Calhoun County","433","3,375,439.89","7,795.47","33.04","4,997,789.82","11,542.24","48.93","1,841,813.91","4,253.61","18.03","10,215,043.62","23,591.32","4,460,335.08","10,301.00","455,504.62","1,051.97","856,560.69","","1,978.20","1,118,584.23","2,583.34","688,573.82","1,590.24","976,687.79","2,255.63","1,204,911.55","2,782.71","9,761,157.78","22,543.09"
"620","13031","Camden County","9,563","40,593,645.83","4,244.87","31.42","79,927,918.28","8,358.04","61.86","8,689,768.42","908.69","6.73","129,211,332.53","13,511.60","78,780,581.64","8,238.06","7,211,315.41","754.09","7,757,253.36","","811.17","2,783,014.76","291.02","7,809,614.01","816.65","5,629,124.87","588.64","10,795,191.74","1,128.85","120,766,095.79","12,628.48"
"621","13031","Candler County","2,051","7,083,434.17","3,453.65","23.71","20,109,605.95","9,804.78","67.31","2,681,780.66","1,307.55","8.98","29,874,820.78","14,565.98","19,363,634.24","9,441.07","913,964.02","445.62","1,770,772.18","","863.37","1,829,727.10","892.11","1,844,236.89","899.19","1,249,071.03","609.01","2,279,194.45","1,111.26","29,250,599.91","14,261.63"
"622","13033","Carroll County","15,981","74,406,295.05","4,655.92","33.29","137,337,760.34","8,593.82","61.45","11,733,957.21","734.24","5.25","223,478,012.60","13,983.98","140,338,112.88","8,781.56","8,664,227.82","542.16","8,470,111.21","","530.01","6,317,762.54","395.33","14,868,254.98","930.37","12,701,932.82","794.81","20,590,655.68","1,288.45","211,951,057.93","13,262.69"
"623","13035","Catoosa County","9,890","53,340,213.40","5,393.35","36.27","87,732,608.61","8,870.84","59.65","5,999,057.54","606.58","4.08","147,071,879.55","14,870.77","97,388,543.42","9,847.17","7,523,974.13","760.77","6,863,649.41","","694","3,717,928.75","375.93","10,570,867.48","1,068.84","8,439,225.14","853.31","12,262,587.13","1,239.90","146,766,775.46","14,839.92"
"624","13037","Charlton County","1,525","6,726,637.51","4,410.91","27.53","15,546,982.68","10,194.74","63.64","2,156,398.25","1,414.03","8.83","24,430,018.44","16,019.68","14,710,571.98","9,646.28","938,941.75","615.7","1,900,449.36","","1,246.20","1,038,558.83","681.02","1,630,805.12","1,069.38","1,299,343.16","852.03","2,262,179.42","1,483.40","23,780,849.62","15,594.01"
"625",NA,"Savannah-Chatham County","34,915","436,072,910.02","12,489.56","61.59","219,287,870.18","6,280.62","30.97","52,619,797.63","1,507.08","7.43","707,980,577.83","20,277.26","374,211,231.99","10,717.78","45,226,350.67","1,295.33","34,312,362.08","","982.74","38,500,107.66","1,102.68","39,343,339.34","1,126.83","34,161,232.78","978.41","69,556,155.16","1,992.16","635,310,779.68","18,195.93"
"626","13039","Chattahoochee County","921","2,295,056.92","2,491.92","13.84","11,128,965.08","12,083.57","67.1","3,161,053.37","3,432.20","19.06","16,585,075.37","18,007.69","7,802,342.54","8,471.60","950,748.64","1,032.30","622,778.43","","676.2","983,940.62","1,068.34","1,310,518.89","1,422.93","873,392.37","948.31","1,834,619.90","1,991.99","14,378,341.39","15,611.67"
"627","13043","Chattooga County","2,592","11,682,236.83","4,507.04","30.22","24,179,060.75","9,328.34","62.55","2,795,124.26","1,078.37","7.23","38,656,421.84","14,913.75","21,874,506.80","8,439.24","1,824,951.20","704.07","2,496,231.06","","963.05","1,667,973.00","643.51","1,995,069.82","769.7","2,359,673.16","910.37","3,113,257.96","1,201.10","35,331,663.00","13,631.04"
"628","13045","Cherokee County","43,079","312,811,039.54","7,261.33","50","296,052,217.05","6,872.31","47.32","16,727,154.10","388.29","2.67","625,590,410.69","14,521.93","403,009,936.92","9,355.14","35,081,023.31","814.34","32,577,636.21","","756.23","14,415,048.30","334.62","35,280,495.32","818.97","32,967,435.82","765.28","50,797,364.82","1,179.17","604,128,940.70","14,023.75"
"629","13045","Clarke County","12,135","151,134,977.81","12,454.47","58.25","90,830,116.42","7,484.97","35.01","17,486,776.54","1,441.02","6.74","259,451,870.77","21,380.46","151,859,446.37","12,514.17","18,084,857.39","1,490.31","19,867,599.49","","1,637.21","10,436,887.26","860.06","14,105,400.15","1,162.37","15,054,180.25","1,240.56","27,536,493.85","2,269.18","256,944,864.76","21,173.86"
"630","13047","Clay County","173","1,851,716.74","10,703.56","29.61","2,666,153.41","15,411.29","42.64","1,735,402.43","10,031.23","27.75","6,253,272.58","36,146.08","3,239,062.03","18,722.90","406,084.82","2,347.31","820,331.61","","4,741.80","801,996.32","4,635.82","486,722.63","2,813.43","275,041.01","1,589.83","438,539.31","2,534.91","6,467,777.73","37,386.00"
"631","13049","Clayton County","51,724","267,928,111.55","5,179.96","34.69","419,899,662.66","8,118.08","54.36","84,587,610.46","1,635.36","10.95","772,415,384.67","14,933.40","469,634,149.94","9,079.62","55,375,455.36","1,070.59","57,666,759.61","","1,114.89","41,002,516.81","792.72","43,445,072.79","839.94","47,740,692.27","922.99","75,328,860.79","1,456.36","790,193,507.57","15,277.11"
"632","13051","Clinch County","1,173","6,184,097.00","5,272.03","31.05","12,297,441.05","10,483.75","61.74","1,435,437.35","1,223.73","7.21","19,916,975.40","16,979.51","11,240,515.68","9,582.71","1,314,658.12","1,120.77","965,631.82","","823.22","910,848.45","776.51","868,171.38","740.13","839,854.84","715.99","1,938,082.49","1,652.24","18,077,762.78","15,411.57"
"633","13053","Cobb County","109,011","895,759,146.90","8,217.14","52.14","748,779,304.79","6,868.84","43.58","73,511,630.36","674.35","4.28","1,718,050,082.05","15,760.33","1,215,100,163.07","11,146.58","50,649,044.20","464.62","85,643,362.07","","785.64","76,737,494.02","703.94","108,364,903.28","994.07","84,989,729.01","779.64","113,894,119.85","1,044.79","1,735,378,815.50","15,919.28"
"634","13055","Coffee County","7,450","20,669,404.09","2,774.42","19.83","72,999,210.03","9,798.55","70.05","10,545,893.98","1,415.56","10.12","104,214,508.10","13,988.53","63,041,190.12","8,461.90","7,376,131.61","990.08","6,202,770.30","","832.59","2,955,770.51","396.75","7,212,788.41","968.16","6,308,479.96","846.78","8,042,089.21","1,079.48","101,139,220.12","13,575.74"
"635","13055","Colquitt County","8,778","26,861,094.13","3,060.05","19.52","100,941,385.93","11,499.36","73.35","9,811,113.35","1,117.69","7.13","137,613,593.41","15,677.10","82,797,352.22","9,432.37","8,207,565.89","935.02","10,468,940.27","","1,192.63","3,123,778.64","355.86","6,810,853.91","775.9","4,762,384.95","542.54","13,122,190.30","1,494.90","129,293,066.18","14,729.22"
"636","13057","Columbia County","28,626","157,259,406.04","5,493.59","40.68","217,399,076.89","7,594.46","56.24","11,915,191.92","416.24","3.08","386,573,674.85","13,504.29","238,292,016.00","8,324.32","9,704,847.36","339.02","21,087,107.16","","736.64","6,362,050.89","222.25","21,149,900.30","738.84","18,962,392.73","662.42","32,400,002.16","1,131.84","347,958,316.60","12,155.33"
"637","13057","Cook County","2,867","9,296,068.68","3,242.44","22.78","27,704,158.69","9,663.12","67.89","3,804,479.78","1,326.99","9.32","40,804,707.15","14,232.55","26,118,737.05","9,110.13","1,931,186.07","673.59","1,293,736.36","","451.25","1,793,934.46","625.72","2,267,042.88","790.74","2,376,519.82","828.92","3,934,754.71","1,372.43","39,715,911.35","13,852.78"
"638","13059","Coweta County","22,759","162,731,951.62","7,150.22","49.37","149,022,849.84","6,547.86","45.21","17,867,608.87","785.08","5.42","329,622,410.33","14,483.16","217,100,589.70","9,539.11","14,859,194.51","652.89","10,808,800.85","","474.92","9,509,890.03","417.85","22,439,029.41","985.94","17,683,932.40","777.01","28,469,331.89","1,250.90","320,870,768.79","14,098.62"
"639","13059","Crawford County","1,470","7,795,002.00","5,302.72","33.17","14,041,209.94","9,551.84","59.75","1,665,196.67","1,132.79","7.09","23,501,408.61","15,987.35","13,845,754.07","9,418.88","1,765,485.83","1,201.01","1,066,938.45","","725.81","1,073,200.19","730.07","1,709,400.75","1,162.86","1,455,556.33","990.17","1,658,728.13","1,128.39","22,575,063.75","15,357.19"
"640","13059","Crisp County","3,117","14,100,000.38","4,523.58","27","31,272,368.84","10,032.84","59.88","6,848,903.13","2,197.27","13.12","52,221,272.35","16,753.69","30,726,529.34","9,857.73","3,400,410.82","1,090.92","3,246,707.73","","1,041.61","2,421,346.68","776.82","3,500,039.16","1,122.89","2,804,383.20","899.71","5,726,661.81","1,837.24","51,826,078.74","16,626.92"
"641","13061","Dade County","1,885","9,785,723.29","5,191.37","37.08","15,123,449.28","8,023.05","57.31","1,480,407.60","785.36","5.61","26,389,580.17","13,999.78","17,032,868.35","9,036.00","1,182,585.95","627.37","1,369,533.50","","726.54","807,280.22","428.27","1,664,836.17","883.2","1,234,465.37","654.89","2,290,907.99","1,215.34","25,582,477.55","13,571.61"
"642","13063","Dawson County","4,258","35,084,583.60","8,239.69","54.54","27,413,382.50","6,438.09","42.62","1,829,674.37","429.7","2.84","64,327,640.47","15,107.48","38,606,807.25","9,066.89","3,279,594.68","770.22","5,116,743.39","","1,201.68","1,721,355.36","404.26","3,440,966.61","808.12","3,862,812.48","907.19","5,479,731.58","1,286.93","61,508,011.35","14,445.29"
"643","13063","Decatur County","4,010","20,421,995.93","5,092.77","33.36","34,325,084.01","8,559.87","56.07","6,472,426.14","1,614.07","10.57","61,219,506.08","15,266.71","35,438,671.15","8,837.57","2,965,343.94","739.49","2,975,332.98","","741.98","1,579,047.96","393.78","3,002,386.54","748.72","3,367,731.48","839.83","6,290,443.57","1,568.69","55,618,957.62","13,870.06"
"644","13063","DeKalb County","93,513","1,010,115,796.99","10,801.88","54.91","639,190,905.47","6,835.32","34.75","190,336,118.82","2,035.40","10.35","1,839,642,821.28","19,672.60","994,234,545.97","10,632.05","140,362,249.16","1,500.99","83,576,192.64","","893.74","143,237,698.98","1,531.74","100,888,623.56","1,078.87","90,203,706.00","964.61","210,000,097.55","2,245.68","1,762,503,113.86","18,847.68"
"645","13063","Dodge County","2,580","8,340,180.06","3,232.63","20.24","27,039,666.25","10,480.49","65.62","5,827,633.81","2,258.77","14.14","41,207,480.12","15,971.89","23,833,951.37","9,237.97","2,192,964.54","849.99","1,898,281.21","","735.77","1,544,300.22","598.57","1,829,310.38","709.04","2,341,012.56","907.37","2,485,241.48","963.27","36,125,061.76","14,001.98"
"646","13063","Dooly County","1,045","9,120,169.26","8,727.43","41.15","9,279,578.90","8,879.98","41.87","3,762,007.64","3,600.01","16.98","22,161,755.80","21,207.42","9,619,162.80","9,204.94","1,008,895.17","965.45","1,668,899.29","","1,597.03","2,646,150.27","2,532.20","1,505,486.52","1,440.66","1,763,766.25","1,687.81","1,659,981.23","1,588.50","19,872,341.53","19,016.59"
"647","13065","Dougherty County","12,526","52,955,996.05","4,227.69","25.34","127,672,232.83","10,192.58","61.09","28,355,073.18","2,263.70","13.57","208,983,302.06","16,683.97","116,683,191.62","9,315.28","11,919,700.72","951.6","21,091,879.69","","1,683.85","17,452,068.82","1,393.27","13,021,651.54","1,039.57","7,444,898.92","594.36","19,404,171.45","1,549.11","207,017,562.76","16,527.04"
"648","13067","Douglas County","25,849","146,530,791.63","5,668.72","40.53","191,815,143.62","7,420.60","53.05","23,212,589.31","898.01","6.42","361,558,524.56","13,987.33","216,818,169.09","8,387.87","14,003,670.52","541.75","22,298,067.44","","862.63","16,306,642.40","630.84","28,292,201.63","1,094.52","19,001,496.29","735.1","30,738,697.38","1,189.16","347,458,944.75","13,441.87"
"649","13067","Early County","1,426","9,395,490.87","6,588.70","37.41","13,207,933.11","9,262.23","52.59","2,512,511.87","1,761.93","10","25,115,935.85","17,612.86","15,570,856.31","10,919.25","1,335,261.89","936.37","1,207,393.15","","846.7","1,114,917.38","781.85","1,560,761.51","1,094.50","1,016,597.72","712.9","2,298,255.67","1,611.68","24,104,043.63","16,903.25"
"650","13067","Echols County","917","2,498,132.18","2,724.24","19.14","9,554,471.74","10,419.27","73.2","999,683.42","1,090.17","7.66","13,052,287.34","14,233.68","7,002,707.08","7,636.54","401,909.28","438.29","415,489.95","","453.1","1,071,864.70","1,168.88","569,912.34","621.5","594,477.05","648.28","900,622.76","982.14","10,956,983.16","11,948.73"
"651","13067","Effingham County","14,067","71,844,764.40","5,107.33","36.19","120,399,396.17","8,559.00","60.65","6,259,644.74","444.99","3.15","198,503,805.31","14,111.32","127,151,470.14","9,038.99","15,037,504.30","1,068.99","12,742,745.40","","905.86","7,546,764.46","536.49","12,745,312.21","906.04","9,975,101.62","709.11","17,342,051.00","1,232.82","202,540,949.13","14,398.30"
"652","13067","Elbert County","2,887","14,332,734.55","4,964.58","30.83","27,320,625.26","9,463.33","58.76","4,842,298.01","1,677.28","10.41","46,495,657.82","16,105.19","26,523,272.85","9,187.14","1,896,954.51","657.07","2,542,513.36","","880.68","1,768,687.86","612.64","2,962,826.68","1,026.26","2,710,306.99","938.8","3,866,449.87","1,339.26","42,271,012.12","14,641.85"
"653","13067","Emanuel County","3,768","10,832,504.40","2,874.87","19.06","39,432,696.70","10,465.15","69.37","6,577,999.38","1,745.75","11.57","56,843,200.48","15,085.77","33,293,041.89","8,835.73","3,601,267.92","955.75","2,345,895.66","","622.58","3,890,754.27","1,032.58","3,216,595.95","853.66","2,880,094.14","764.36","3,733,947.41","990.96","52,961,597.24","14,055.62"
"654","13067","Evans County","1,733","5,858,264.03","3,380.42","21.44","19,071,497.60","11,004.90","69.81","2,391,277.15","1,379.85","8.75","27,321,038.78","15,765.17","14,970,172.35","8,638.30","1,997,026.85","1,152.35","1,795,837.64","","1,036.26","1,923,818.50","1,110.11","2,264,699.72","1,306.81","1,168,243.99","674.12","2,391,116.65","1,379.76","26,510,915.70","15,297.71"
"655","13067","Fannin County","2,682","29,035,010.17","10,825.88","64.55","13,598,898.48","5,070.43","30.23","2,347,269.86","875.19","5.22","44,981,178.51","16,771.50","28,221,872.68","10,522.70","2,613,002.30","974.27","3,357,255.28","","1,251.77","1,762,672.45","657.22","3,094,302.36","1,153.73","2,991,988.78","1,115.58","4,286,422.97","1,598.22","46,327,516.82","17,273.49"
"656","13069","Fayette County","19,849","156,280,503.55","7,873.47","51.61","138,493,156.72","6,977.34","45.74","8,017,337.83","403.92","2.65","302,790,998.10","15,254.73","192,101,410.00","9,678.14","18,578,667.86","936","13,478,648.78","","679.06","10,840,351.50","546.14","18,328,891.47","923.42","10,614,397.67","534.76","23,009,051.06","1,159.20","286,951,418.34","14,456.72"
"657","13071","Floyd County","8,682","60,613,111.77","6,981.47","41.34","79,032,981.72","9,103.08","53.91","6,964,706.29","802.2","4.75","146,610,799.78","16,886.75","88,352,709.40","10,176.54","5,385,061.96","620.26","6,387,058.22","","735.67","5,898,017.04","679.34","8,401,357.73","967.68","5,245,457.19","604.18","12,124,786.59","1,396.54","131,794,448.13","15,180.21"
"658","13073","Forsyth County","55,313","385,716,325.41","6,973.34","51.9","343,157,458.27","6,203.92","46.18","14,287,270.23","258.3","1.92","743,161,053.91","13,435.56","524,236,986.82","9,477.65","20,296,681.11","366.94","21,590,318.10","","390.33","24,413,317.58","441.37","40,640,671.66","734.74","42,939,582.24","776.3","54,731,032.27","989.48","728,848,589.78","13,176.81"
"659","13073","Franklin County","3,604","18,504,779.37","5,134.51","35.56","30,357,845.64","8,423.38","58.33","3,178,576.17","881.96","6.11","52,041,201.18","14,439.85","33,573,902.94","9,315.73","2,220,255.47","616.05","3,054,496.73","","847.53","1,707,954.14","473.91","3,181,313.59","882.72","4,854,759.38","1,347.05","4,386,891.72","1,217.23","52,979,573.97","14,700.22"
"660","13075","Fulton County","86,863","909,199,909.94","10,467.06","61.11","505,278,907.95","5,816.96","33.96","73,365,609.73","844.61","4.93","1,487,844,427.62","17,128.63","888,885,801.60","10,233.19","111,501,186.43","1,283.64","108,413,270.08","","1,248.09","83,554,639.22","961.91","92,925,546.73","1,069.79","70,319,518.50","809.55","145,330,767.29","1,673.10","1,500,930,729.85","17,279.27"
"661","13075","Gilmer County","4,174","28,015,071.69","6,711.80","47.15","26,697,042.69","6,396.03","44.93","4,708,341.34","1,128.02","7.92","59,420,455.72","14,235.85","38,871,759.16","9,312.83","2,525,968.33","605.17","3,652,900.58","","875.16","1,946,413.14","466.32","3,645,423.62","873.36","3,334,429.17","798.86","6,133,990.00","1,469.57","60,110,884.00","14,401.27"
"662","13075","Glascock County","548","1,850,298.27","3,376.46","19.45","6,091,019.00","11,115.00","64.03","1,571,638.61","2,867.95","16.52","9,512,955.88","17,359.41","5,248,363.58","9,577.31","688,334.27","1,256.08","560,410.42","","1,022.65","932,621.50","1,701.86","372,193.18","679.18","432,494.72","789.22","999,804.97","1,824.46","9,234,222.64","16,850.76"
"663","13077","Glynn County","12,701","110,192,202.86","8,675.87","55.11","76,482,055.48","6,021.73","38.25","13,262,771.00","1,044.23","6.63","199,937,029.34","15,741.83","129,182,133.79","10,171.02","7,256,845.98","571.36","9,806,568.27","","772.11","5,801,865.41","456.8","11,021,478.76","867.76","8,739,318.17","688.08","19,260,560.62","1,516.46","191,068,771.00","15,043.59"
"664","13077","Gordon County","6,104","26,942,227.04","4,413.86","30.48","56,876,729.59","9,317.94","64.35","4,571,702.59","748.97","5.17","88,390,659.22","14,480.77","54,071,041.99","8,858.30","3,693,015.10","605.02","4,130,656.95","","676.71","3,746,985.24","613.86","5,925,738.17","970.8","4,773,120.74","781.97","8,044,841.96","1,317.96","84,385,400.15","13,824.62"
"665","13077","Grady County","4,381","13,367,483.23","3,051.24","23.25","39,506,406.07","9,017.67","68.71","4,624,923.72","1,055.68","8.04","57,498,813.02","13,124.59","34,120,371.91","7,788.26","2,336,604.83","533.35","3,463,154.42","","790.49","1,267,693.13","289.36","3,304,477.83","754.27","1,964,317.15","448.37","4,971,888.63","1,134.88","51,428,507.90","11,738.98"
"666","13077","Greene County","2,473","37,119,572.85","15,009.94","73.78","11,049,250.58","4,467.95","21.96","2,144,780.42","867.28","4.26","50,313,603.85","20,345.17","29,700,521.69","12,009.92","2,655,243.52","1,073.69","4,154,134.25","","1,679.80","2,715,858.32","1,098.20","2,764,223.36","1,117.76","2,064,147.77","834.67","5,538,519.87","2,239.60","49,592,648.78","20,053.64"
"667","13079","Gwinnett County","192,811","1,226,408,596.84","6,360.68","43.82","1,434,265,110.05","7,438.71","51.24","138,350,608.63","717.55","4.94","2,799,024,315.52","14,516.94","1,806,157,717.07","9,367.50","95,119,962.66","493.33","103,416,820.43","","536.36","148,292,562.86","769.11","194,602,068.95","1,009.29","167,026,296.52","866.27","180,026,584.86","933.69","2,694,642,013.35","13,975.55"
"668","13081","Habersham County","7,361","35,883,993.72","4,874.88","33.3","66,966,664.27","9,097.50","62.14","4,917,286.44","668.02","4.56","107,767,944.43","14,640.40","70,366,247.73","9,559.33","4,274,432.75","580.69","4,490,644.52","","610.06","3,083,927.08","418.95","6,588,846.07","895.1","6,845,351.46","929.95","9,693,410.04","1,316.86","105,342,859.65","14,310.94"
"669","13083","Hall County","28,665","169,264,747.66","5,904.93","44","194,833,064.81","6,796.90","50.65","20,554,420.81","717.06","5.34","384,652,233.28","13,418.89","248,607,475.11","8,672.86","20,181,097.82","704.03","21,380,796.86","","745.89","13,094,908.30","456.83","22,162,745.19","773.16","24,997,590.18","872.06","30,069,035.95","1,048.98","380,493,649.41","13,273.81"
"670","13085","Hancock County","628","6,057,918.09","9,646.37","44.72","5,059,614.50","8,056.71","37.35","2,428,837.78","3,867.58","17.93","13,546,370.37","21,570.66","5,467,226.14","8,705.77","447,939.93","713.28","1,263,164.36","","2,011.41","1,763,167.95","2,807.59","1,035,848.69","1,649.44","845,148.22","1,345.78","2,466,490.99","3,927.53","13,288,986.28","21,160.80"
"671","13087","Haralson County","3,375","15,353,321.28","4,549.13","28.65","33,586,279.96","9,951.49","62.67","4,649,496.85","1,377.63","8.68","53,589,098.09","15,878.25","31,505,841.85","9,335.06","2,793,835.05","827.8","3,768,054.67","","1,116.46","1,765,630.74","523.15","3,210,897.39","951.38","3,172,834.76","940.1","4,270,156.04","1,265.23","50,487,250.50","14,959.18"
"672","13087","Harris County","5,418","34,240,442.62","6,319.76","43.34","41,851,024.72","7,724.44","52.97","2,919,346.07","538.82","3.69","79,010,813.41","14,583.02","48,217,338.93","8,899.47","4,083,106.89","753.62","3,250,730.48","","599.99","3,661,156.46","675.74","4,606,553.17","850.23","7,356,883.94","1,357.86","6,115,275.06","1,128.70","77,291,044.93","14,265.61"
"673","13089","Hart County","3,653","20,565,493.13","5,629.75","42.85","24,458,721.99","6,695.52","50.96","2,969,978.26","813.02","6.19","47,994,193.38","13,138.29","30,469,868.75","8,341.05","2,538,638.42","694.95","2,719,654.55","","744.5","1,990,855.33","544.99","2,871,373.25","786.03","3,015,921.79","825.6","4,776,138.40","1,307.46","48,382,450.49","13,244.58"
"674","13089","Heard County","2,118","10,527,396.73","4,970.44","31.72","20,995,261.89","9,912.78","63.25","1,670,941.64","788.92","5.03","33,193,600.26","15,672.14","18,457,585.97","8,714.63","1,236,532.21","583.82","1,033,639.42","","488.03","2,221,317.12","1,048.78","2,282,881.58","1,077.85","1,334,339.81","630","3,487,704.23","1,646.70","30,054,000.34","14,189.81"
"675","13089","Henry County","43,144","294,468,949.43","6,825.26","48.73","281,298,305.64","6,519.99","46.55","28,579,866.17","662.43","4.73","604,347,121.24","14,007.68","375,736,736.59","8,708.90","37,457,903.44","868.21","33,962,448.18","","787.19","16,924,043.27","392.27","40,470,927.37","938.04","28,335,419.61","656.76","54,137,794.97","1,254.82","587,025,273.43","13,606.19"
"676","13089","Houston County","30,159","134,970,789.02","4,475.31","29.06","304,986,912.05","10,112.63","65.66","24,554,900.42","814.18","5.29","464,512,601.49","15,402.12","280,190,443.57","9,290.44","21,396,895.43","709.47","20,047,452.66","","664.73","17,268,159.14","572.57","29,506,117.29","978.35","20,450,007.29","678.07","35,789,592.57","1,186.70","424,648,667.95","14,080.33"
"677","13089","Irwin County","1,528","5,054,509.10","3,307.92","20.62","17,982,727.36","11,768.80","73.36","1,476,410.83","966.24","6.02","24,513,647.29","16,042.96","14,912,771.49","9,759.67","1,240,527.13","811.86","1,480,264.59","","968.76","1,189,967.74","778.77","1,069,340.37","699.83","794,988.94","520.28","2,012,539.76","1,317.11","22,700,400.02","14,856.28"
"678","13089","Jackson County","11,132","79,577,687.21","7,148.55","46.66","85,799,456.08","7,707.46","50.31","5,156,383.51","463.2","3.02","170,533,526.80","15,319.21","99,249,974.72","8,915.74","5,920,886.21","531.88","6,492,263.89","","583.21","7,524,044.63","675.89","8,589,127.50","771.57","11,807,381.56","1,060.67","14,208,372.90","1,276.35","153,792,051.41","13,815.31"
"679","13089","Jasper County","2,622","12,711,211.43","4,847.91","34.39","22,678,009.87","8,649.13","61.35","1,572,780.63","599.84","4.26","36,962,001.93","14,096.88","23,218,044.26","8,855.09","2,377,735.37","906.84","1,720,516.96","","656.18","2,595,530.87","989.9","2,176,855.64","830.23","2,972,045.85","1,133.50","2,759,015.42","1,052.26","37,819,744.37","14,424.00"
"680","13089","Jeff Davis County","2,957","10,236,859.70","3,461.91","24.97","28,356,458.81","9,589.60","69.18","2,397,980.69","810.95","5.85","40,991,299.20","13,862.46","24,265,401.23","8,206.09","2,206,006.54","746.03","2,500,002.71","","845.45","1,598,180.69","540.47","1,973,310.19","667.34","2,348,349.09","794.17","3,717,089.33","1,257.05","38,608,339.78","13,056.60"
"681","13091","Jefferson County","1,941","11,572,841.02","5,962.31","37.87","15,953,939.22","8,219.44","52.21","3,030,598.58","1,561.36","9.92","30,557,378.82","15,743.11","17,591,593.75","9,063.16","1,154,047.71","594.56","3,185,246.47","","1,641.03","1,156,486.29","595.82","1,990,052.95","1,025.27","1,987,144.92","1,023.77","3,076,568.02","1,585.04","30,141,140.11","15,528.65"
"682","13093","Jenkins County","1,695","5,372,595.65","3,169.67","25.4","14,114,514.76","8,327.15","66.74","1,660,911.47","979.89","7.85","21,148,021.88","12,476.71","12,785,952.49","7,543.33","581,882.60","343.29","975,147.65","","575.31","742,595.13","438.11","1,392,021.54","821.25","1,265,197.28","746.43","1,779,326.82","1,049.75","19,522,123.51","11,517.47"
"683","13095","Johnson County","991","4,835,422.63","4,879.34","27.65","11,488,147.24","11,592.48","65.68","1,166,936.55","1,177.53","6.67","17,490,506.42","17,649.35","8,963,018.83","9,044.42","276,992.82","279.51","1,277,391.59","","1,288.99","716,051.87","722.55","1,070,389.18","1,080.11","1,139,678.96","1,150.03","1,797,644.59","1,813.97","15,241,167.84","15,379.58"
"684","13097","Jones County","4,788","17,762,149.84","3,709.72","24.95","48,775,940.48","10,187.12","68.51","4,659,860.01","973.24","6.54","71,197,950.33","14,870.08","44,634,689.24","9,322.20","3,406,490.98","711.46","5,152,961.61","","1,076.22","1,709,676.81","357.08","4,369,755.46","912.65","4,218,440.78","881.04","6,267,847.37","1,309.07","69,759,862.25","14,569.72"
"685","13097","Lamar County","2,772","12,907,440.44","4,656.36","33.56","21,707,468.90","7,830.98","56.45","3,841,915.86","1,385.97","9.99","38,456,825.20","13,873.31","23,792,846.81","8,583.28","1,526,210.19","550.58","1,217,697.57","","439.28","1,731,315.90","624.57","1,932,441.93","697.13","1,994,544.65","719.53","2,756,826.30","994.53","34,951,883.35","12,608.90"
"686","13097","Lanier County","1,560","5,424,757.13","3,477.41","20.15","19,399,052.59","12,435.29","72.04","2,104,184.89","1,348.84","7.81","26,927,994.61","17,261.54","13,058,219.38","8,370.65","1,433,917.71","919.18","1,457,151.35","","934.07","1,301,214.38","834.11","1,079,765.09","692.16","1,381,425.43","885.53","2,987,138.54","1,914.83","22,698,831.88","14,550.53"
"687","13099","Laurens County","6,070","20,976,253.50","3,455.73","23.98","61,537,620.43","10,137.99","70.36","4,953,192.00","816.01","5.66","87,467,065.93","14,409.73","57,829,900.50","9,527.17","5,575,082.63","918.47","2,632,447.47","","433.68","5,447,453.88","897.44","5,093,348.66","839.1","4,349,429.70","716.55","7,422,620.85","1,222.84","88,350,283.69","14,555.25"
"688","13101","Lee County","5,733","24,092,871.65","4,202.49","30.45","52,307,788.05","9,123.98","66.12","2,713,381.22","473.29","3.43","79,114,040.92","13,799.76","47,471,226.40","8,280.35","3,232,556.19","563.85","4,570,510.29","","797.23","1,854,593.65","323.49","4,137,817.29","721.75","4,389,698.08","765.69","7,177,817.52","1,252.02","72,834,219.42","12,704.38"
"689","13103","Liberty County","10,592","34,127,490.33","3,222.01","22.95","98,185,346.12","9,269.76","66.03","16,376,693.35","1,546.14","11.01","148,689,529.80","14,037.91","86,592,802.10","8,175.30","10,451,722.29","986.76","8,941,148.54","","844.14","5,612,852.64","529.91","8,850,321.23","835.57","8,661,407.92","817.73","11,254,106.56","1,062.51","140,364,361.28","13,251.92"
"690","13105","Lincoln County","1,195","6,907,349.14","5,780.21","35.91","11,030,560.13","9,230.59","57.35","1,295,108.23","1,083.77","6.73","19,233,017.50","16,094.57","11,518,697.84","9,639.08","561,137.33","469.57","955,087.72","","799.24","756,866.46","633.36","1,271,110.37","1,063.69","1,571,069.49","1,314.70","1,997,594.10","1,671.63","18,631,563.31","15,591.27"
"691","13107","Long County","4,574","8,833,508.84","1,931.24","15.9","43,505,178.38","9,511.41","78.33","3,200,666.07","699.75","5.76","55,539,353.29","12,142.40","30,988,029.33","6,774.82","1,745,360.05","381.58","3,035,980.28","","663.75","1,608,045.87","351.56","3,125,578.34","683.34","3,672,377.08","802.88","4,506,011.70","985.14","48,681,382.65","10,643.07"
"692","13109","Lowndes County","10,372","48,272,333.48","4,654.10","31.38","96,323,180.98","9,286.85","62.62","9,230,523.84","889.95","6","153,826,038.30","14,830.90","87,862,126.96","8,471.09","5,968,021.42","575.4","8,338,162.64","","803.91","7,072,373.82","681.87","6,481,084.59","624.86","7,622,699.27","734.93","11,902,253.83","1,147.54","135,246,722.53","13,039.60"
"693","13111","Lumpkin County","3,765","25,329,890.56","6,727.73","44.58","28,645,929.40","7,608.48","50.42","2,838,411.83","753.89","5","56,814,231.79","15,090.10","33,938,693.66","9,014.26","3,673,812.51","975.78","3,160,894.27","","839.55","1,628,897.65","432.64","3,175,352.25","843.39","3,610,409.81","958.94","5,614,430.03","1,491.22","54,802,490.18","14,555.78"
"694","13113","Macon County","988","8,734,684.39","8,840.77","48.33","7,525,006.49","7,616.40","41.63","1,814,911.88","1,836.96","10.04","18,074,602.76","18,294.13","8,603,851.19","8,708.35","1,171,604.67","1,185.83","1,658,147.37","","1,678.29","1,755,501.55","1,776.82","1,326,956.25","1,343.07","1,025,222.52","1,037.67","2,129,389.43","2,155.25","17,670,672.98","17,885.28"
"695","13113","Madison County","5,084","24,937,944.89","4,905.18","30.57","52,810,766.04","10,387.64","64.74","3,821,693.71","751.71","4.69","81,570,404.64","16,044.53","50,195,724.53","9,873.27","4,848,009.60","953.58","2,738,347.86","","538.62","3,399,641.49","668.69","4,683,455.96","921.21","5,398,590.74","1,061.88","5,702,745.95","1,121.70","76,966,516.13","15,138.95"
"696","13113","Marion County","1,262","3,804,400.54","3,014.58","21.19","12,572,125.83","9,962.06","70.03","1,575,538.11","1,248.45","8.78","17,952,064.48","14,225.09","9,680,354.25","7,670.65","625,329.97","495.51","1,181,342.71","","936.09","1,151,595.22","912.52","1,159,742.34","918.97","1,316,911.40","1,043.51","2,073,295.16","1,642.86","17,188,571.05","13,620.11"
"697","13115","McDuffie County","2,985","15,131,438.49","5,069.16","32.11","28,504,552.99","9,549.26","60.5","3,481,813.37","1,166.44","7.39","47,117,804.85","15,784.86","26,337,511.94","8,823.29","2,180,666.77","730.54","2,487,566.84","","833.36","2,101,045.21","703.87","3,529,772.26","1,182.50","3,233,624.67","1,083.29","4,847,108.40","1,623.82","44,717,296.09","14,980.67"
"698","13115","McIntosh County","1,337","11,003,781.98","8,230.20","50.13","9,539,900.06","7,135.30","43.46","1,408,088.23","1,053.17","6.41","21,951,770.27","16,418.67","11,547,359.30","8,636.77","912,306.39","682.35","1,648,660.63","","1,233.10","1,043,214.93","780.27","1,273,624.92","952.6","1,167,364.95","873.12","2,580,977.27","1,930.42","20,173,508.39","15,088.63"
"699","13115","Meriwether County","2,154","15,500,687.14","7,196.23","36.02","21,344,215.16","9,909.11","49.6","6,187,171.91","2,872.41","14.38","43,032,074.21","19,977.75","21,186,640.26","9,835.95","4,180,486.54","1,940.80","3,253,311.55","","1,510.36","2,593,530.47","1,204.05","2,576,012.94","1,195.92","3,184,191.47","1,478.27","4,909,800.48","2,279.39","41,883,973.71","19,444.74"
"700","13117","Miller County","738","4,323,396.25","5,858.26","35.21","7,146,293.78","9,683.32","58.2","808,366.37","1,095.35","6.58","12,278,056.40","16,636.93","7,150,300.33","9,688.75","515,847.01","698.98","1,079,073.94","","1,462.16","868,700.24","1,177.10","764,007.26","1,035.24","885,878.43","1,200.38","1,528,515.14","2,071.16","12,792,322.35","17,333.77"
"701","13119","Mitchell County","1,154","15,817,192.24","13,706.41","54.41","10,336,292.07","8,956.93","35.56","2,917,462.84","2,528.13","10.04","29,070,947.15","25,191.47","13,821,534.94","11,977.07","1,200,234.77","1,040.06","2,617,068.10","","2,267.82","1,704,356.22","1,476.91","2,019,764.90","1,750.23","1,509,925.12","1,308.43","2,772,167.38","2,402.22","25,645,051.43","22,222.74"
"702","13121","Monroe County","4,556","32,399,898.41","7,111.48","46.59","34,802,594.68","7,638.85","50.04","2,347,002.57","515.15","3.37","69,549,495.66","15,265.48","42,492,050.33","9,326.61","2,419,703.85","531.1","2,258,743.26","","495.77","2,464,815.50","541","2,931,195.16","643.37","6,987,887.59","1,533.78","6,201,770.07","1,361.23","65,756,165.76","14,432.86"
"703","13121","Montgomery County","864","4,273,203.30","4,945.84","28.23","9,736,969.81","11,269.64","64.34","1,124,620.70","1,301.64","7.43","15,134,793.81","17,517.12","8,752,813.64","10,130.57","689,134.50","797.61","1,261,401.71","","1,459.96","1,119,077.84","1,295.23","899,370.61","1,040.94","792,017.50","916.69","1,517,417.51","1,756.27","15,031,233.31","17,397.27"
"704","13121","Morgan County","3,514","25,105,461.07","7,144.41","47.35","25,727,727.52","7,321.49","48.52","2,189,950.29","623.21","4.13","53,023,138.88","15,089.11","34,059,850.04","9,692.62","3,253,527.69","925.88","1,904,850.75","","542.07","3,760,391.22","1,070.12","2,897,319.11","824.51","3,443,244.64","979.86","4,215,593.28","1,199.66","53,534,776.73","15,234.72"
"705","13121","Murray County","6,502","22,442,124.68","3,451.57","27.15","55,718,541.29","8,569.45","67.42","4,486,458.73","690.01","5.43","82,647,124.70","12,711.03","53,880,303.29","8,286.73","3,404,354.06","523.59","4,630,367.87","","712.15","3,553,663.61","546.55","5,342,028.36","821.6","5,572,103.21","856.98","7,184,853.76","1,105.02","83,567,674.16","12,852.62"
"706","13121","Muscogee County","28,835","155,961,890.72","5,408.77","35.57","244,782,513.84","8,489.08","55.82","37,752,447.21","1,309.26","8.61","438,496,851.77","15,207.11","265,000,698.29","9,190.24","17,858,475.22","619.33","28,218,614.21","","978.62","22,664,725.65","786.01","25,102,328.29","870.55","20,072,459.64","696.11","39,989,445.82","1,386.84","418,906,747.12","14,527.70"
"707","13121","Newton County","18,402","100,497,735.07","5,461.24","38.06","144,942,747.02","7,876.47","54.89","18,613,011.86","1,011.47","7.05","264,053,493.95","14,349.18","163,233,459.08","8,870.42","17,157,832.75","932.39","25,933,753.93","","1,409.29","8,657,442.11","470.46","17,064,846.97","927.34","15,526,747.32","843.75","22,695,492.75","1,233.32","270,269,574.91","14,686.97"
"708","13121","Oconee County","8,539","58,807,585.40","6,886.94","47.35","62,485,976.65","7,317.72","50.31","2,912,041.55","341.03","2.34","124,205,603.60","14,545.69","82,189,328.90","9,625.17","3,850,046.17","450.88","2,961,058.59","","346.77","2,867,290.61","335.79","7,804,164.38","913.94","5,330,177.76","624.22","9,044,137.07","1,059.16","114,046,203.48","13,355.93"
"709","13121","Oglethorpe County","2,287","12,746,143.74","5,573.30","37.58","19,357,414.20","8,464.11","57.07","1,812,573.07","792.55","5.34","33,916,131.01","14,829.96","21,529,712.38","9,413.95","1,500,710.52","656.19","2,028,439.85","","886.94","1,176,265.64","514.33","1,888,827.33","825.9","2,200,264.18","962.07","2,477,456.74","1,083.28","32,801,676.64","14,342.66"
"710","13121","Paulding County","31,566","170,499,135.17","5,401.35","36.78","274,740,812.84","8,703.69","59.27","18,278,436.46","579.05","3.94","463,518,384.47","14,684.09","303,580,365.29","9,617.32","20,902,189.53","662.17","31,131,422.98","","986.23","13,762,389.85","435.99","26,147,767.04","828.35","28,301,608.30","896.59","29,004,478.84","918.85","452,830,221.83","14,345.50"
"711","13121","Peach County","3,918","17,773,273.40","4,536.31","32","33,625,631.22","8,582.35","60.53","4,150,534.62","1,059.35","7.47","55,549,439.24","14,178.01","33,072,542.91","8,441.18","3,497,845.83","892.76","2,554,369.75","","651.96","3,006,839.36","767.44","3,321,233.03","847.69","3,067,934.37","783.04","3,972,119.03","1,013.81","52,492,884.28","13,397.88"
"712","13121","Pickens County","3,920","32,193,561.88","8,212.64","50.89","28,391,194.90","7,242.65","44.88","2,681,946.94","684.17","4.24","63,266,703.72","16,139.46","38,082,934.09","9,715.03","3,165,686.88","807.57","5,658,757.89","","1,443.56","2,310,226.84","589.34","3,544,109.89","904.11","4,261,759.09","1,087.18","6,020,440.03","1,535.83","63,043,914.71","16,082.62"
"713","13121","Pierce County","3,565","12,356,872.80","3,466.16","25.32","33,582,195.63","9,419.97","68.82","2,856,221.64","801.18","5.85","48,795,290.07","13,687.31","29,923,855.12","8,393.79","3,405,460.10","955.25","2,302,882.87","","645.97","1,842,337.36","516.78","3,309,772.42","928.41","1,948,845.84","546.66","3,522,217.68","988","46,255,371.39","12,974.86"
"714","13121","Pike County","3,351","16,232,896.62","4,844.19","34.28","27,937,450.23","8,337.05","59","3,180,666.47","949.17","6.72","47,351,013.32","14,130.41","30,089,442.46","8,979.24","3,028,474.18","903.75","1,939,150.04","","578.68","1,918,039.24","572.38","2,489,090.74","742.79","3,229,148.78","963.64","3,240,978.51","967.17","45,934,323.95","13,707.65"
"715","13121","Polk County","7,611","26,616,705.94","3,497.14","26.89","66,472,555.88","8,733.75","67.15","5,907,475.17","776.18","5.97","98,996,736.99","13,007.07","65,664,163.98","8,627.53","4,721,072.63","620.3","3,622,530.60","","475.96","2,669,234.53","350.71","6,001,132.62","788.48","4,889,705.86","642.45","9,916,039.68","1,302.86","97,483,879.90","12,808.29"
"716","13121","Pulaski County","1,250","5,724,581.94","4,579.67","28.89","11,166,802.64","8,933.44","56.36","2,921,930.08","2,337.54","14.75","19,813,314.66","15,850.65","10,370,561.47","8,296.45","1,108,529.42","886.82","901,053.46","","720.84","1,436,113.51","1,148.89","1,177,242.32","941.79","948,149.07","758.52","1,342,881.16","1,074.30","17,284,530.41","13,827.61"
"717","13121","Putnam County","2,842","29,103,236.30","10,240.41","55.36","17,258,295.41","6,072.59","32.83","6,204,929.80","2,183.30","11.8","52,566,461.51","18,496.30","29,685,506.26","10,445.29","2,224,185.73","782.61","2,479,524.65","","872.46","3,143,060.77","1,105.93","2,856,380.51","1,005.06","3,416,077.38","1,202.00","4,302,320.43","1,513.84","48,107,055.73","16,927.19"
"718","13121","Quitman County","288","1,779,450.00","6,178.65","24.93","4,236,782.62","14,711.05","59.35","1,122,210.58","3,896.56","15.72","7,138,443.20","24,786.26","3,000,228.81","10,417.46","348,935.72","1,211.58","725,139.13","","2,517.84","813,945.21","2,826.20","549,651.04","1,908.51","354,956.62","1,232.49","679,725.12","2,360.16","6,472,581.65","22,474.24"
"719","13121","Rabun County","2,182","27,334,211.07","12,527.14","66.1","11,838,038.64","5,425.32","28.63","2,177,513.23","997.94","5.27","41,349,762.94","18,950.40","25,699,520.71","11,777.97","1,783,374.19","817.31","1,548,655.74","","709.74","2,548,238.33","1,167.85","2,538,796.33","1,163.52","2,275,682.09","1,042.93","3,955,618.72","1,812.84","40,349,886.11","18,492.16"
"720","13121","Randolph County","556","4,486,186.47","8,068.68","38.78","5,659,746.14","10,179.40","48.93","1,421,609.07","2,556.85","12.29","11,567,541.68","20,804.93","4,940,339.20","8,885.50","687,973.33","1,237.36","1,729,551.24","","3,110.70","883,129.80","1,588.36","977,915.39","1,758.84","600,062.75","1,079.25","1,410,160.11","2,536.26","11,229,131.82","20,196.27"
"721","13123","Richmond County","28,048","151,006,003.97","5,383.84","34.66","227,064,000.86","8,095.55","52.12","57,622,683.63","2,054.43","13.23","435,692,688.46","15,533.82","238,480,971.26","8,502.60","24,202,697.81","862.9","33,450,801.23","","1,192.63","21,888,263.48","780.39","33,606,081.64","1,198.16","29,726,749.17","1,059.85","39,911,134.85","1,422.96","421,266,699.44","15,019.49"
"722","13123","Rockdale County","15,298","108,506,456.60","7,092.85","44.89","115,507,237.74","7,550.48","47.79","17,686,512.56","1,156.13","7.32","241,700,206.90","15,799.46","145,522,241.20","9,512.50","13,033,224.84","851.96","17,239,963.13","","1,126.94","13,473,548.34","880.74","17,076,927.87","1,116.28","15,248,317.55","996.75","17,240,339.29","1,126.97","238,834,562.22","15,612.14"
"723","13125","Schley County","1,183","3,285,965.58","2,777.65","19.76","12,602,787.45","10,653.24","75.77","744,748.11","629.54","4.48","16,633,501.14","14,060.43","10,218,168.53","8,637.51","974,139.96","823.45","608,465.24","","514.34","980,610.51","828.92","1,018,616.29","861.05","663,388.56","560.77","1,404,528.97","1,187.26","15,867,918.06","13,413.30"
"724","13127","Screven County","1,990","9,194,150.21","4,620.18","31.67","17,250,919.88","8,668.80","59.43","2,582,534.62","1,297.76","8.9","29,027,604.71","14,586.74","17,369,435.29","8,728.36","1,381,702.99","694.32","1,428,059.60","","717.62","1,717,964.90","863.3","1,829,475.25","919.33","1,737,572.94","873.15","2,709,175.59","1,361.39","28,173,386.56","14,157.47"
"725","13127","Seminole County","1,287","6,759,307.08","5,251.99","31.15","12,553,671.73","9,754.21","57.86","2,382,831.91","1,851.46","10.98","21,695,810.72","16,857.66","11,631,934.93","9,038.02","2,360,045.72","1,833.76","1,969,891.12","","1,530.61","885,939.38","688.38","1,128,531.78","876.87","966,055.72","750.63","1,443,537.52","1,121.63","20,385,936.17","15,839.90"
"726",NA,"Griffin-Spalding County","8,974","49,736,569.20","5,542.30","37.32","69,383,000.77","7,731.56","52.06","14,146,336.49","1,576.37","10.62","133,265,906.46","14,850.23","73,419,381.64","8,181.34","13,002,875.16","1,448.95","12,360,342.14","","1,377.35","8,001,407.51","891.62","10,843,402.18","1,208.31","6,976,975.97","777.47","11,828,024.25","1,318.03","136,432,408.85","15,203.07"
"727","13129","Stephens County","3,705","14,989,120.62","4,045.65","29.79","32,396,336.31","8,743.95","64.39","2,926,961.53","790","5.82","50,312,418.46","13,579.60","33,522,458.86","9,047.90","3,958,461.25","1,068.41","2,879,318.63","","777.14","2,620,453.27","707.27","2,931,401.86","791.2","2,915,273.64","786.85","4,569,831.03","1,233.42","53,397,198.54","14,412.19"
"728","13131","Stewart County","320","3,179,430.19","9,935.72","35.48","3,751,006.53","11,721.90","41.86","2,030,758.09","6,346.12","22.66","8,961,194.81","28,003.74","4,815,835.32","15,049.49","1,037,263.90","3,241.45","637,007.58","","1,990.65","968,497.90","3,026.56","658,783.50","2,058.70","854,175.55","2,669.30","711,211.00","2,222.53","9,682,774.75","30,258.68"
"729","13133","Sumter County","3,442","16,640,701.26","4,834.60","26.12","29,863,958.70","8,676.34","46.87","17,207,131.17","4,999.17","27.01","63,711,791.13","18,510.11","32,595,122.84","9,469.82","3,870,397.37","1,124.46","4,754,728.92","","1,381.39","2,745,158.96","797.55","3,380,571.34","982.15","4,070,054.26","1,182.47","5,805,959.95","1,686.80","57,221,993.64","16,624.64"
"730","13135","Talbot County","349","4,610,704.59","13,211.19","45.51","3,443,123.84","9,865.68","33.99","2,077,024.13","5,951.36","20.5","10,130,852.56","29,028.23","4,469,703.61","12,807.17","582,580.08","1,669.28","779,543.49","","2,233.65","780,249.19","2,235.67","546,532.63","1,566.00","687,031.60","1,968.57","1,305,807.16","3,741.57","9,151,447.76","26,221.91"
"731","13135","Taliaferro County","184","1,569,039.60","8,527.39","29.04","3,100,589.90","16,851.03","57.4","732,470.13","3,980.82","13.56","5,402,099.63","29,359.24","2,559,009.56","13,907.66","667,234.44","3,626.27","334,095.03","","1,815.73","630,682.56","3,427.62","314,341.90","1,708.38","250,611.78","1,362.02","289,072.16","1,571.04","5,045,047.43","27,418.72"
"732","13135","Tattnall County","3,374","10,073,242.48","2,985.55","20.45","34,379,012.68","10,189.39","69.79","4,807,827.05","1,424.96","9.76","49,260,082.21","14,599.90","30,317,785.58","8,985.71","2,486,235.54","736.88","2,725,512.82","","807.8","2,461,868.20","729.66","2,695,175.21","798.81","2,998,958.08","888.84","3,378,515.77","1,001.34","47,064,051.20","13,949.04"
"733","13135","Taylor County","1,131","5,790,723.96","5,120.00","28.56","12,242,474.35","10,824.47","60.38","2,243,383.78","1,983.54","11.06","20,276,582.09","17,928.01","12,867,998.10","11,377.54","756,030.34","668.46","759,008.68","","671.1","1,016,362.38","898.64","955,471.09","844.8","920,084.28","813.51","2,453,174.05","2,169.03","19,728,128.92","17,443.08"
"734","13135","Telfair County","1,448","5,466,781.68","3,775.40","24.49","14,972,888.21","10,340.39","67.07","1,884,350.93","1,301.35","8.44","22,324,020.82","15,417.14","14,081,045.31","9,724.48","1,117,534.25","771.78","850,673.62","","587.48","1,222,396.49","844.2","1,728,452.42","1,193.68","1,267,261.57","875.18","2,566,645.01","1,772.54","22,834,008.67","15,769.34"
"735","13135","Terrell County","896","6,736,600.32","7,518.53","34.73","7,920,288.56","8,839.61","40.83","4,740,946.22","5,291.23","24.44","19,397,835.10","21,649.37","9,218,339.42","10,288.33","1,810,553.08","2,020.71","1,636,081.84","","1,825.98","1,471,131.55","1,641.89","1,472,470.59","1,643.38","1,095,831.67","1,223.03","2,189,579.57","2,443.73","18,893,987.72","21,087.05"
"736","13137","Thomas County","5,534","22,045,658.70","3,983.68","23.99","63,624,116.38","11,496.95","69.23","6,233,393.11","1,126.38","6.78","91,903,168.19","16,607.01","55,638,879.61","10,054.01","4,293,265.82","775.8","5,104,142.07","","922.32","3,365,353.96","608.12","4,444,117.81","803.06","4,927,905.71","890.48","6,580,823.27","1,189.16","84,354,488.25","15,242.95"
"737","13139","Tift County","7,297","28,697,857.13","3,932.83","29.12","63,399,338.96","8,688.41","64.34","6,447,274.92","883.55","6.54","98,544,471.01","13,504.79","64,340,229.60","8,817.35","4,735,372.48","648.95","6,306,616.42","","864.28","2,141,915.47","293.53","6,618,976.58","907.08","2,717,703.09","372.44","7,747,746.13","1,061.77","94,608,559.77","12,965.40"
"738","13139","Toombs County","3,002","11,416,813.25","3,803.07","25.43","29,380,531.20","9,786.99","65.43","4,105,219.25","1,367.49","9.14","44,902,563.70","14,957.55","27,179,551.00","9,053.81","2,451,711.41","816.69","2,256,213.74","","751.57","1,024,029.79","341.12","1,963,590.53","654.09","2,038,976.92","679.21","2,949,621.55","982.55","39,863,694.94","13,279.04"
"739","13141","Towns County","920","12,370,136.42","13,445.80","66.43","5,598,758.12","6,085.61","30.07","652,608.28","709.36","3.5","18,621,502.82","20,240.77","12,089,240.68","13,140.48","1,736,101.06","1,887.07","664,826.91","","722.64","777,358.96","844.96","861,816.54","936.76","1,118,912.20","1,216.21","1,896,874.47","2,061.82","19,145,130.82","20,809.94"
"740","13143","Treutlen County","963","3,756,001.27","3,900.31","21.57","11,464,978.02","11,905.48","65.85","2,189,230.66","2,273.34","12.57","17,410,209.95","18,079.13","10,138,235.47","10,527.76","576,481.14","598.63","1,024,772.92","","1,064.15","825,165.32","856.87","1,088,090.82","1,129.90","1,083,683.93","1,125.32","1,516,917.44","1,575.20","16,253,347.04","16,877.83"
"741","13143","Troup County","11,939","73,143,130.25","6,126.40","39.56","96,106,837.28","8,049.82","51.98","15,627,284.47","1,308.93","8.45","184,877,252.00","15,485.15","104,083,834.62","8,717.97","12,544,832.99","1,050.74","11,073,208.94","","927.48","6,416,953.27","537.48","11,711,769.81","980.97","14,601,691.63","1,223.02","15,066,000.59","1,261.91","175,498,291.85","14,699.57"
"742","13145","Turner County","1,054","4,654,680.94","4,416.21","24.7","11,197,606.40","10,623.91","59.43","2,989,860.53","2,836.68","15.87","18,842,147.87","17,876.80","11,288,618.98","10,710.26","1,150,601.50","1,091.65","1,960,359.23","","1,859.92","1,461,101.20","1,386.24","1,186,469.89","1,125.68","1,024,910.31","972.4","2,345,548.00","2,225.38","20,417,609.11","19,371.53"
"743","13147","Twiggs County","702","6,639,673.98","9,458.23","47.95","6,081,172.88","8,662.64","43.92","1,125,564.72","1,603.37","8.13","13,846,411.58","19,724.24","5,989,747.54","8,532.40","1,503,721.04","2,142.05","818,149.04","","1,165.45","1,572,165.23","2,239.55","916,750.38","1,305.91","1,099,749.11","1,566.59","1,813,218.41","2,582.93","13,713,500.75","19,534.88"
"744","13149","Union County","2,905","25,355,391.89","8,728.19","51.16","20,984,546.08","7,223.60","42.34","3,216,214.72","1,107.13","6.49","49,556,152.69","17,058.92","28,612,696.64","9,849.47","3,184,016.57","1,096.05","1,934,547.48","","665.94","1,881,174.31","647.56","2,840,850.86","977.92","2,060,896.23","709.43","6,307,545.58","2,171.27","46,821,727.67","16,117.64"
"745",NA,"Thomaston-Upson County","3,885","16,181,630.90","4,165.16","28.88","34,884,319.42","8,979.23","62.26","4,964,859.86","1,277.96","8.86","56,030,810.18","14,422.35","36,118,894.06","9,297.01","2,632,660.07","677.65","3,036,160.91","","781.51","2,518,166.19","648.18","3,714,462.30","956.1","3,416,741.57","879.47","5,197,258.97","1,337.78","56,634,344.07","14,577.70"
"746","13151","Walker County","8,103","43,900,587.90","5,417.82","32.07","83,856,674.97","10,348.84","61.26","9,136,037.25","1,127.49","6.67","136,893,300.12","16,894.15","84,982,937.19","10,487.84","7,460,891.10","920.76","6,121,128.60","","755.42","3,301,628.09","407.46","8,508,714.23","1,050.07","6,801,541.76","839.39","10,121,031.84","1,249.05","127,297,872.81","15,709.99"
"747","13153","Walton County","14,556","90,950,994.62","6,248.35","44.36","104,949,310.82","7,210.04","51.19","9,131,593.08","627.34","4.45","205,031,898.52","14,085.73","131,323,239.47","9,021.93","7,212,461.76","495.5","10,096,615.91","","693.64","5,496,714.60","377.63","11,770,376.83","808.63","12,015,718.14","825.48","15,167,212.32","1,041.99","193,082,339.03","13,264.80"
"748","13153","Ware County","5,673","20,589,472.65","3,629.38","23.2","60,484,271.04","10,661.78","68.16","7,659,691.86","1,350.20","8.63","88,733,435.55","15,641.36","56,864,308.84","10,023.68","4,711,064.13","830.44","5,211,478.29","","918.65","2,938,027.09","517.9","5,715,492.61","1,007.49","5,359,171.34","944.68","9,101,197.21","1,604.30","89,900,739.51","15,847.14"
"749","13155","Warren County","662","4,514,028.96","6,818.77","35.65","7,073,638.20","10,685.25","55.86","1,075,307.07","1,624.33","8.49","12,662,974.23","19,128.35","7,184,998.02","10,853.47","707,731.65","1,069.08","682,555.13","","1,031.05","1,333,578.15","2,014.47","799,245.36","1,207.32","832,884.78","1,258.13","1,216,622.74","1,837.80","12,757,615.83","19,271.32"
"750","13157","Washington County","2,610","14,800,611.24","5,670.73","38.07","21,127,744.89","8,094.92","54.34","2,952,305.74","1,131.15","7.59","38,880,661.87","14,896.80","21,751,936.35","8,334.08","2,002,641.88","767.3","2,405,974.85","","921.83","2,296,291.91","879.81","3,248,990.09","1,244.82","2,148,923.21","823.34","3,546,556.24","1,358.83","37,401,314.53","14,330.01"
"751","13157","Wayne County","5,159","17,718,584.75","3,434.50","24.61","47,404,358.20","9,188.67","65.85","6,864,855.04","1,330.66","9.54","71,987,797.99","13,953.83","43,860,984.94","8,501.84","3,100,616.34","601.01","5,639,788.79","","1,093.19","3,593,893.07","696.63","3,625,533.74","702.76","3,611,858.83","700.11","6,300,289.66","1,221.22","69,732,965.37","13,516.76"
"752","13157","Webster County","216","1,967,844.22","9,110.39","35.14","3,183,156.00","14,736.83","56.83","449,763.40","2,082.24","8.03","5,600,763.62","25,929.46","2,803,809.23","12,980.60","258,464.14","1,196.59","227,023.77","","1,051.04","851,782.26","3,943.44","422,910.61","1,957.92","368,395.49","1,705.53","707,922.55","3,277.42","5,640,308.05","26,112.54"
"753","13159","Wheeler County","788","3,226,919.67","4,095.08","23.83","8,977,235.70","11,392.43","66.29","1,338,060.98","1,698.05","9.88","13,542,216.35","17,185.56","7,449,122.36","9,453.20","639,520.62","811.57","570,811.46","","724.38","1,079,453.90","1,369.87","1,260,991.92","1,600.24","997,182.51","1,265.46","1,085,106.38","1,377.04","13,082,189.15","16,601.76"
"754","13161","White County","3,707","23,892,509.30","6,445.24","42.61","28,767,013.44","7,760.19","51.31","3,408,670.13","919.52","6.08","56,068,192.87","15,124.95","38,114,953.73","10,281.89","2,713,964.73","732.12","2,331,095.38","","628.84","2,181,293.38","588.43","3,665,429.58","988.79","3,317,069.67","894.81","4,443,727.88","1,198.74","56,767,534.35","15,313.62"
"755","13163","Whitfield County","12,078","45,710,168.27","3,784.58","27.44","112,814,861.31","9,340.53","67.72","8,059,316.38","667.27","4.84","166,584,345.96","13,792.38","113,510,800.08","9,398.15","8,267,498.48","684.51","8,422,692.48","","697.36","7,267,225.29","601.69","12,302,443.12","1,018.58","8,617,019.75","713.45","12,677,500.29","1,049.64","171,065,179.49","14,163.38"
"756","13165","Wilcox County","1,070","4,113,637.52","3,844.52","24.16","11,034,160.99","10,312.30","64.8","1,879,519.26","1,756.56","11.04","17,027,317.77","15,913.38","10,144,929.97","9,481.24","747,962.02","699.03","870,472.68","","813.53","1,015,134.82","948.72","1,018,007.46","951.41","1,215,095.76","1,135.60","1,686,156.33","1,575.85","16,697,759.04","15,605.38"
"757","13167","Wilkes County","1,211","8,971,772.12","7,408.56","43.35","10,066,194.44","8,312.30","48.63","1,660,409.01","1,371.11","8.02","20,698,375.57","17,091.97","11,500,631.39","9,496.81","1,388,066.15","1,146.21","955,231.24","","788.8","1,080,350.33","892.11","1,260,011.95","1,040.47","2,256,360.76","1,863.22","2,221,945.10","1,834.80","20,662,596.92","17,062.42"
"758","13169","Wilkinson County","990","8,286,130.21","8,369.83","46.86","8,281,886.58","8,365.54","46.83","1,116,392.90","1,127.67","6.31","17,684,409.69","17,863.04","9,052,760.77","9,144.20","639,891.57","646.36","1,562,268.16","","1,578.05","1,189,741.28","1,201.76","1,983,766.80","2,003.80","1,327,723.17","1,341.13","1,870,186.84","1,889.08","17,626,338.59","17,804.38"
"759","13171","Worth County","2,937","10,234,137.15","3,484.55","24.92","26,450,622.80","9,006.00","64.4","4,385,901.76","1,493.33","10.68","41,070,661.71","13,983.88","22,419,540.27","7,633.48","2,989,367.37","1,017.83","2,401,717.34","","817.75","1,440,809.75","490.57","1,893,239.37","644.62","2,596,401.79","884.03","3,922,575.33","1,335.57","37,663,651.22","12,823.85"
"761",NA,"Atlanta Public Schools","49,515","980,019,806.77","19,792.38","73.98","265,489,927.82","5,361.81","20.04","79,154,094.57","1,598.59","5.98","1,324,663,829.16","26,752.78","782,360,313.47","15,800.47","97,694,579.00","1,973.03","100,920,981.49","","2,038.19","82,165,500.30","1,659.41","85,169,804.50","1,720.08","64,195,390.44","1,296.48","145,212,647.67","2,932.70","1,357,719,216.87","27,420.36"
"763",NA,"Bremen City","2,278","8,197,721.61","3,598.65","27.32","20,700,132.66","9,086.98","68.98","1,110,638.12","487.55","3.7","30,008,492.39","13,173.18","20,203,218.42","8,868.84","1,688,841.79","741.37","637,565.79","","279.88","1,497,859.45","657.53","1,787,808.83","784.82","344,520.47","151.24","2,812,156.52","1,234.48","28,971,971.27","12,718.16"
"764",NA,"Buford City","6,129","53,650,277.12","8,753.51","57.3","37,785,744.47","6,165.07","40.36","2,190,263.77","357.36","2.34","93,626,285.36","15,275.94","58,887,237.60","9,607.97","4,262,258.66","695.42","1,530,330.65","","249.69","5,814,920.49","948.76","5,452,190.13","889.57","2,904,656.43","473.92","8,811,320.25","1,437.64","87,662,914.21","14,302.97"
"765",NA,"Calhoun City","4,188","18,527,614.56","4,423.98","36.87","28,756,562.57","6,866.42","57.23","2,965,286.43","708.04","5.9","50,249,463.56","11,998.44","30,536,157.20","7,291.35","4,191,838.83","1,000.92","3,162,914.45","","755.23","2,163,760.44","516.66","3,021,506.43","721.47","1,366,538.46","326.3","4,064,712.29","970.56","48,507,428.10","11,582.49"
"766",NA,"Carrollton City","5,803","27,587,333.64","4,753.98","36.49","43,782,867.97","7,544.87","57.92","4,223,812.53","727.87","5.59","75,594,014.14","13,026.72","49,677,767.02","8,560.70","2,933,033.02","505.43","4,301,414.51","","741.24","3,965,006.25","683.27","5,766,773.41","993.76","4,087,223.76","704.33","6,959,465.25","1,199.29","77,690,683.22","13,388.02"
"767",NA,"Cartersville City","4,682","34,268,085.27","7,319.11","50.22","31,257,136.27","6,676.02","45.81","2,704,190.19","577.57","3.96","68,229,411.73","14,572.70","43,928,254.10","9,382.37","4,389,502.94","937.53","4,510,321.50","","963.33","3,446,630.11","736.14","3,468,533.37","740.82","3,139,534.06","670.55","4,822,179.56","1,029.94","67,704,955.64","14,460.68"
"769",NA,"Chickamauga City","1,268","4,170,641.75","3,289.15","24.87","11,951,262.20","9,425.29","71.27","646,231.56","509.65","3.85","16,768,135.51","13,224.09","9,471,898.01","7,469.95","830,468.98","654.94","389,541.55","","307.21","1,374,396.69","1,083.91","1,063,667.04","838.85","321,527.21","253.57","2,281,531.94","1,799.32","15,733,031.42","12,407.75"
"771",NA,"Commerce City","1,884","18,925,673.95","10,045.47","54.72","14,666,372.72","7,784.70","42.41","992,157.95","526.62","2.87","34,584,204.62","18,356.79","16,625,601.49","8,824.63","1,561,307.31","828.72","1,495,726.68","","793.91","1,119,287.84","594.1","1,523,781.91","808.8","1,072,085.03","569.05","2,081,323.76","1,104.74","25,479,114.02","13,523.95"
"772",NA,"Dalton Public Schools","7,780","45,143,450.44","5,802.50","38.79","64,509,151.96","8,291.66","55.43","6,737,240.55","865.97","5.79","116,389,842.95","14,960.13","76,521,655.50","9,835.69","6,033,160.61","775.47","7,653,129.38","","983.69","4,196,166.86","539.35","7,601,990.67","977.12","5,217,385.34","670.62","9,646,795.67","1,239.95","116,870,284.03","15,021.89"
"773",NA,"City Schools of Decatur","5,302","67,201,275.85","12,674.70","60.8","41,162,080.05","7,763.50","37.24","2,169,890.24","409.26","1.96","110,533,246.14","20,847.46","64,076,902.42","12,085.42","6,370,265.88","1,201.48","4,637,176.99","","874.61","8,148,879.47","1,536.94","8,705,979.95","1,642.02","2,450,933.93","462.27","10,936,872.25","2,062.78","105,327,010.89","19,865.52"
"774",NA,"Dublin City","2,244","14,839,788.18","6,613.10","42.84","14,733,033.46","6,565.52","42.53","5,070,962.93","2,259.79","14.64","34,643,784.57","15,438.41","20,922,005.59","9,323.53","2,796,123.27","1,246.04","3,264,165.74","","1,454.62","2,951,072.02","1,315.09","2,701,927.35","1,204.07","1,535,052.14","684.07","3,867,253.03","1,723.37","38,037,599.14","16,950.79"
"776",NA,"Gainesville City","9,024","52,964,653.35","5,869.31","45.65","56,309,210.14","6,239.94","48.53","6,761,972.41","749.33","5.83","116,035,835.90","12,858.58","71,110,439.37","7,880.15","5,706,816.29","632.4","4,171,132.86","","462.23","8,347,240.50","925","8,436,518.26","934.9","5,319,401.31","589.47","12,462,438.93","1,381.03","115,553,987.52","12,805.18"
"779",NA,"Jefferson City","4,161","21,265,925.80","5,110.77","41.36","28,801,265.40","6,921.72","56.02","1,346,761.17","323.66","2.62","51,413,952.37","12,356.15","35,370,293.16","8,500.43","2,243,956.16","539.28","2,596,586.55","","624.03","1,599,911.23","384.5","2,981,049.86","716.43","1,850,699.19","444.77","3,782,362.43","909","50,424,858.58","12,118.44"
"781",NA,"Marietta City","9,108","93,617,478.84","10,278.60","55.39","69,937,322.42","7,678.67","41.38","5,469,419.09","600.51","3.24","169,024,220.35","18,557.78","105,048,154.71","11,533.61","12,102,231.46","1,328.75","13,139,093.44","","1,442.59","7,000,654.22","768.63","12,823,183.24","1,407.90","9,115,589.14","1,000.83","9,451,215.28","1,037.68","168,680,121.49","18,519.99"
"7820108",NA,"State Specialty Schools I-Mountain Education High School","1,602","2,549,829.54","1,591.65","13.18","15,830,890.21","9,881.95","81.84","962,334.06","600.71","4.98","19,343,053.81","12,074.31","7,613,726.68","4,752.64","1,645,374.06","1,027.07","2,400,654.81","","1,498.54","1,391,357.85","868.51","3,241,422.57","2,023.36","63,306.20","39.52","862,421.50","538.34","17,218,263.67","10,747.98"
"7820110",NA,"State Specialty Schools I-Odyssey Charter School","360","25,830.61","71.75","0.24","5,507,675.00","15,299.10","51.97","5,064,873.39","14,069.09","47.79","10,598,379.00","29,439.94","3,976,571.10","11,046.03","600,485.65","1,668.02","1,918,445.98","","5,329.02","600,190.90","1,667.20","368,769.40","1,024.36","124,716.27","346.43","410,827.64","1,141.19","8,000,006.94","22,222.25"
"7820120",NA,"State Specialty Schools I-Georgia Cyber Academy (Virtual)","10,151","191,698.66","18.88","0.16","107,514,015.54","10,591.47","90.44","11,168,962.06","1,100.28","9.4","118,874,676.26","11,710.63","92,416,908.94","9,104.22","14,831,390.47","1,461.08","2,892,219.00","","284.92","3,068,952.09","302.33","3,435,291.64","338.42","20,036.30","1.97","155,261.09","15.3","116,820,059.53","11,508.24"
"7820412",NA,"State Specialty Schools I-Georgia Connections Academy (Virtual)","7,008","","","","67,386,716.87","9,615.68","94.29","4,082,748.13","582.58","5.71","71,469,465.00","10,198.26","50,913,158.74","7,265.01","1,907,720.95","272.22","919,396.43","","131.19","3,297,550.79","470.54","8,316,195.29","1,186.67","","","63,949.46","9.13","65,417,971.66","9,334.76"
"7820612",NA,"State Specialty Schools I-Ivy Preparatory Academy, Inc","431","534,946.83","1,241.18","7.15","6,461,115.00","14,990.99","86.3","490,447.25","1,137.93","6.55","7,486,509.08","17,370.10","3,220,179.45","7,471.41","455,210.01","1,056.17","168,342.26","","390.59","315,020.83","730.91","1,114,946.86","2,586.88","267,288.47","620.16","984,450.08","2,284.11","6,525,437.96","15,140.23"
"7820613",NA,"State Specialty Schools I-Foothills Regional High School","1,382","3,304,170.73","2,390.86","15.13","16,808,296.00","12,162.30","76.96","1,728,161.21","1,250.48","7.91","21,840,627.94","15,803.64","8,225,450.46","5,951.85","6,148,594.56","4,449.06","1,203,866.94","","871.1","3,994,549.05","2,890.41","2,543,736.99","1,840.62","4,562.64","3.3","654,030.98","473.25","22,774,791.62","16,479.59"
"7820614",NA,"State Specialty Schools I-International Charter School of Atlanta","849","7,829,834.33","9,222.42","64.79","4,056,109.47","4,777.51","33.56","198,811.23","234.17","1.65","12,084,755.03","14,234.10","6,373,238.84","7,506.76","803,912.78","946.89","684,845.54","","806.65","1,317,721.87","1,552.09","679,236.36","800.04","18,469.88","21.75","1,114,744.34","1,313.01","10,992,169.61","12,947.19"
"7820615",NA,"State Specialty Schools I-Scintilla Charter Academy","949","16,632.11","17.53","0.12","12,161,912.72","12,815.50","90.63","1,241,014.93","1,307.71","9.25","13,419,559.76","14,140.74","7,920,613.62","8,346.27","685,347.24","722.18","356,116.13","","375.25","731,861.07","771.19","707,009.64","745","33,378.57","35.17","1,193,777.60","1,257.93","11,628,103.87","12,252.99"
"7820616",NA,"State Specialty Schools I-Georgia School for Innovation and the Classics","1,009","102,038.44","101.13","0.76","13,029,539.71","12,913.32","97.62","216,108.00","214.18","1.62","13,347,686.15","13,228.63","6,339,581.48","6,283.03","410,727.23","407.06","334,193.06","","331.21","206,833.87","204.99","571,250.28","566.15","2,816.00","2.79","2,582,626.30","2,559.59","10,448,028.22","10,354.82"
"7820617",NA,"State Specialty Schools I-Dubois Integrity Academy","1,328","69,681.78","52.47","0.33","19,606,536.10","14,763.96","93.24","1,351,091.87","1,017.39","6.43","21,027,309.75","15,833.82","10,167,487.11","7,656.24","988,815.23","744.59","1,486,976.22","","1,119.71","1,629,255.89","1,226.85","1,418,625.40","1,068.24","144,032.23","108.46","5,995,429.27","4,514.63","21,830,621.35","16,438.72"
"7820618",NA,"State Specialty Schools I-Coastal Plains High School","1,066","819,018.93","768.31","5.87","12,103,771.54","11,354.38","86.76","1,028,006.84","964.36","7.37","13,950,797.31","13,087.05","5,803,796.25","5,444.46","3,416,424.23","3,204.90","462,555.83","","433.92","3,878,939.16","3,638.78","2,458,659.33","2,306.43","","","2,836,223.95","2,660.62","18,856,598.75","17,689.11"
"7820619",NA,"State Specialty Schools I-Utopian Academy for the Arts Trilith","150","399,719.90","2,664.80","15.21","2,206,205.00","14,708.03","83.96","21,668.75","144.46","0.82","2,627,593.65","17,517.29","1,311,994.24","8,746.63","12,526.50","83.51","0","","0","603,753.37","4,025.02","539,677.38","3,597.85","0","0","98,156.60","654.38","2,566,108.09","17,107.39"
"7820620",NA,"State Specialty Schools I-Discovery Regional High School","140","2,666,960.37","19,049.72","70.06","1,097,759.00","7,841.14","28.84","41,956.46","299.69","1.1","3,806,675.83","27,190.55","1,413,742.94","10,098.16","144,025.57","1,028.75","189,854.72","","1,356.11","105,352.31","752.52","229,948.60","1,642.49","","","43,596.25","311.4","2,126,520.39","15,189.43"
"7830103",NA,"State Specialty Schools II-Statesboro STEAM Academy","202","271,368.00","1,343.41","8.29","2,725,880.00","13,494.46","83.26","276,576.00","1,369.19","8.45","3,273,824.00","16,207.06","2,043,641.00","10,117.03","38,163.00","188.93","30,034.00","","148.68","72,059.00","356.73","518,987.00","2,569.24","9,171.00","45.4","310,594.00","1,537.59","3,022,649.00","14,963.60"
"7830210",NA,"State Specialty Schools II-Pataula Charter Academy","584","56,451.61","96.66","0.63","8,335,974.00","14,273.93","92.81","589,333.13","1,009.13","6.56","8,981,758.74","15,379.72","4,997,873.85","8,558.00","316,125.05","541.31","435,566.10","","745.83","50,777.19","86.95","1,336,633.06","2,288.76","397,652.45","680.91","1,165,331.77","1,995.43","8,699,959.47","14,897.19"
"7830410",NA,"State Specialty Schools II-Atlanta Heights Charter School","646","","","","10,203,404.63","15,794.74","82.39","2,180,472.16","3,375.34","17.61","12,383,876.79","19,170.08","5,780,668.72","8,948.40","506,745.85","784.44","702,706.07","","1,087.78","1,136,203.45","1,758.83","1,428,790.33","2,211.75","5,957.18","9.22","2,695,754.96","4,173.00","12,256,826.56","18,973.42"
"7830610",NA,"State Specialty Schools II-Coweta Charter Academy","459","617,347.27","1,344.98","5.72","9,529,001.00","20,760.35","88.29","645,965.57","1,407.33","5.99","10,792,313.84","23,512.66","5,395,165.93","11,754.17","363,639.15","792.24","238,780.86","","520.22","313,930.82","683.95","1,888,046.92","4,113.39","4,218.00","9.19","852,253.91","1,856.76","9,056,035.59","19,729.92"
"7830611",NA,"State Specialty Schools II-Cirrus Charter Academy","425","134,956.12","317.54","1.74","6,936,035.02","16,320.08","89.58","671,992.80","1,581.16","8.68","7,742,983.94","18,218.78","3,953,535.31","9,302.44","413,245.42","972.34","386,731.77","","909.96","628,739.35","1,479.39","1,341,941.96","3,157.51","3,529.78","8.31","616,078.52","1,449.60","7,343,802.11","17,279.55"
"7830612",NA,"State Specialty Schools II-Southwest Georgia S.T.E.M. Charter Academy","499","16,639.67","33.35","0.22","6,873,798.23","13,775.15","89.24","811,938.05","1,627.13","10.54","7,702,375.95","15,435.63","4,558,999.08","9,136.27","258,312.29","517.66","434,859.20","","871.46","432,575.10","866.88","426,682.93","855.08","353,356.32","708.13","854,915.65","1,713.26","7,319,700.57","14,668.74"
"7830613",NA,"State Specialty Schools II-Brookhaven Innovation Academy","529","113,390.66","214.35","1.35","8,062,421.00","15,240.87","95.77","242,564.94","458.53","2.88","8,418,376.60","15,913.75","4,250,646.80","8,035.25","494,921.22","935.58","567,434.68","","1,072.66","182,828.03","345.61","1,123,543.27","2,123.90","2,154.68","4.07","705,256.78","1,333.19","7,326,785.46","13,850.26"
"7830614",NA,"State Specialty Schools II-Liberty Tech Charter Academy","430","107,166.89","249.23","1.6","6,388,048.00","14,855.93","95.31","206,981.64","481.35","3.09","6,702,196.53","15,586.51","4,504,106.05","10,474.67","354,692.57","824.87","244,574.11","","568.78","87,997.43","204.65","698,603.82","1,624.66","","","657,389.73","1,528.81","6,547,363.71","15,226.44"
"7830615",NA,"State Specialty Schools II-Genesis Innovation Academy for Boys","311","460,787.00","1,481.63","7.44","5,403,694.00","17,375.22","87.26","328,093.00","1,054.96","5.3","6,192,574.00","19,911.81","3,068,710.00","9,867.23","278,321.00","894.92","556,464.00","","1,789.27","497,629.00","1,600.09","769,731.00","2,475.02","20,053.00","64.48","435,196.00","1,399.34","5,626,104.00","18,090.35"
"7830616",NA,"State Specialty Schools II-Genesis Innovation Academy for Girls","318","173,550.00","545.75","2.97","5,377,309.00","16,909.78","92.03","292,420.00","919.56","5","5,843,279.00","18,375.09","2,953,229.00","9,286.88","301,515.00","948.16","557,231.00","","1,752.30","504,238.00","1,585.65","743,552.00","2,338.21","29,961.00","94.22","424,852.00","1,336.01","5,514,578.00","17,341.43"
"7830617",NA,"State Specialty Schools II-Resurgence Hall Charter School","400","822,762.12","2,056.91","12.29","5,556,783.35","13,891.96","83","315,467.22","788.67","4.71","6,695,012.69","16,737.54","2,937,805.09","7,344.51","259,352.43","648.38","360,694.63","","901.74","284,917.08","712.29","1,095,745.16","2,739.36","12,945.00","32.36","388,280.69","970.7","5,339,740.08","13,349.34"
"7830618",NA,"State Specialty Schools II-SAIL Charter Academy - School for Arts-Infused Learning","551","191,154.02","346.92","2.45","7,432,082.00","13,488.35","95.2","183,521.92","333.07","2.35","7,806,757.94","14,168.34","4,562,612.42","8,280.60","138,137.49","250.7","14,204.00","","25.78","32,470.07","58.93","1,547,513.81","2,808.56","","","587,711.39","1,066.63","6,882,649.18","12,491.20"
"7830619",NA,"State Specialty Schools II-International Academy of Smyrna","336","144,883.04","431.2","2.41","5,354,591.00","15,936.28","89.07","512,176.13","1,524.33","8.52","6,011,650.17","17,891.81","2,898,015.78","8,625.05","477,386.80","1,420.79","212,028.33","","631.04","84,701.65","252.09","983,939.71","2,928.39","5,392.66","16.05","626,432.14","1,864.38","5,287,897.07","15,737.79"
"7830620",NA,"State Specialty Schools II-International Charter Academy of Georgia","277","531,159.38","1,917.54","11.65","3,869,082.00","13,967.81","84.9","157,199.18","567.51","3.45","4,557,440.56","16,452.86","1,921,028.22","6,935.12","224,220.53","809.46","28,050.29","","101.26","480,655.16","1,735.22","327,544.14","1,182.47","3,385.08","12.22","363,575.69","1,312.55","3,348,459.11","12,088.30"
"7830621",NA,"State Specialty Schools II-SLAM Academy of Atlanta","222","56,360.00","253.87","1.54","3,216,729.00","14,489.77","87.67","395,945.00","1,783.54","10.79","3,669,034.00","16,527.18","2,006,977.00","9,040.44","30,419.00","137.02","","","","175,983.00","792.72","469,815.00","2,116.28","","","768,650.00","3,462.39","3,451,844.00","15,548.85"
"7830623",NA,"State Specialty Schools II-Academy For Classical Education","1,825","670,076.37","367.17","2.49","25,739,772.56","14,103.98","95.64","504,561.80","276.47","1.87","26,914,410.73","14,747.62","14,869,466.51","8,147.65","1,608,278.85","881.25","324,505.74","","177.81","854,948.52","468.46","1,156,443.00","633.67","118,123.11","64.72","2,695,699.94","1,477.10","21,627,465.67","11,850.66"
"7830624",NA,"State Specialty Schools II-Spring Creek Charter Academy","472","18,522.85","39.24","0.24","7,008,220.00","14,847.92","91.75","611,343.72","1,295.22","8","7,638,086.57","16,182.38","3,998,149.83","8,470.66","225,555.06","477.87","279,019.35","","591.14","22,395.10","47.45","842,302.93","1,784.54","381,842.26","808.99","1,360,590.87","2,882.61","7,109,855.40","15,063.26"
"7830625",NA,"State Specialty Schools II-Yi Hwang Academy of Language Excellence","468","317,551.48","678.53","4.43","6,661,835.00","14,234.69","92.86","194,963.96","416.59","2.72","7,174,350.44","15,329.81","3,744,460.62","8,000.98","230,966.81","493.52","33,492.18","","71.56","491,869.42","1,051.00","822,784.66","1,758.09","","","337,957.26","722.13","5,661,530.95","12,097.28"
"7830626",NA,"State Specialty Schools II-Furlow Charter School","589","162,119.49","275.25","1.73","8,302,486.00","14,095.90","88.48","918,889.60","1,560.08","9.79","9,383,495.09","15,931.23","5,950,693.99","10,103.05","211,511.12","359.1","448,449.86","","761.37","206,291.56","350.24","631,295.02","1,071.81","162,484.99","275.87","749,303.44","1,272.16","8,360,029.98","14,193.60"
"7830627",NA,"State Specialty Schools II-Atlanta SMART Academy","225","2,385,450.90","10,602.00","57.68","1,282,970.00","5,702.09","31.02","466,925.84","2,075.23","11.29","4,135,346.74","18,379.32","1,846,489.62","8,206.62","466,048.80","2,071.33","37,430.59","","166.36","128,588.54","571.5","619,508.36","2,753.37","181,340.77","805.96","685,477.59","3,046.57","3,964,884.27","17,621.71"
"7830628",NA,"State Specialty Schools II-Ethos Classical Charter School","679","1,075,628.65","1,584.14","8.99","9,638,596.00","14,195.28","80.6","1,244,898.98","1,833.43","10.41","11,959,123.63","17,612.85","5,173,057.40","7,618.64","917,423.70","1,351.14","986,953.81","","1,453.54","538,069.91","792.44","1,423,856.90","2,096.99","","","944,296.42","1,390.72","9,983,658.14","14,703.47"
"7830630",NA,"State Specialty Schools II-Baconton Community Charter School","911","150,292.00","164.97","1.05","12,765,845.00","14,013.00","88.88","1,447,630.00","1,589.06","10.08","14,363,767.00","15,767.03","8,462,646.00","9,289.40","496,935.00","545.48","461,726.00","","506.83","474,744.00","521.12","1,008,094.00","1,106.58","60,805.00","66.75","1,665,250.00","1,827.94","12,630,200.00","13,864.10"
"7830632",NA,"State Specialty Schools II-Atlanta Unbound Academy","187","21,101.90","112.84","0.61","3,090,335.00","16,525.86","89.46","343,041.00","1,834.44","9.93","3,454,477.90","18,473.14","1,597,750.31","8,544.12","377,925.84","2,020.99","234,899.96","","1,256.15","109,526.48","585.7","650,660.95","3,479.47","","","782,804.82","4,186.12","3,753,568.36","20,072.55"
"7830633",NA,"State Specialty Schools II-D.E.L.T.A. STEAM Academy","386","222,616.95","576.73","4.11","4,938,395.76","12,793.77","91.19","254,249.24","658.68","4.7","5,415,261.95","14,029.18","3,494,713.93","9,053.66","194,374.00","503.56","274,287.45","","710.59","224,319.34","581.14","752,409.55","1,949.25","44,800.00","116.06","860,699.19","2,229.79","5,845,603.46","15,144.05"
"7830634",NA,"State Specialty Schools II-Georgia Fugees Academy Charter School","236","1,984,864.01","8,410.44","53.26","1,477,408.44","6,260.21","39.64","264,746.98","1,121.81","7.1","3,727,019.43","15,792.46","1,266,821.76","5,367.89","629,574.60","2,667.69","16,196.65","","68.63","151,723.15","642.89","634,341.21","2,687.89","318,480.47","1,349.49","385,317.49","1,632.70","3,402,455.33","14,417.18"
"7830636",NA,"State Specialty Schools II-Northwest Classical Academy","810","7,478,691.06","9,232.95","57.96","5,066,101.00","6,254.45","39.27","357,420.03","441.26","2.77","12,902,212.09","15,928.66","4,790,887.03","5,914.68","1,410,815.21","1,741.75","352,893.97","","435.67","1,741,307.15","2,149.76","1,966,580.90","2,427.88","25,671.11","31.69","782,312.11","965.82","11,070,467.48","13,667.25"
"7830637",NA,"State Specialty Schools II-DeKalb Brilliance Academy","351","1,029,599.96","2,933.33","15.16","5,231,022.00","14,903.20","77.03","530,690.91","1,511.94","7.81","6,791,312.87","19,348.47","3,559,147.99","10,140.02","748,498.32","2,132.47","65,275.48","","185.97","870,184.46","2,479.16","599,348.06","1,707.54","","","418,065.59","1,191.07","6,260,519.90","17,836.23"
"7830638",NA,"State Specialty Schools II-PEACE Academy Charter School","232","259,552.97","1,118.76","6.74","3,345,084.00","14,418.47","86.81","248,905.38","1,072.87","6.46","3,853,542.35","16,610.10","1,975,821.69","8,516.47","228,253.78","983.85","213,866.69","","921.84","165,931.06","715.22","780,522.61","3,364.32","","","159,718.45","688.44","3,524,114.28","15,190.14"
"7830639",NA,"State Specialty Schools II-Miles Ahead Charter School","256","833,937.26","3,257.57","18.21","3,553,958.00","13,882.65","77.61","191,229.12","746.99","4.18","4,579,124.38","17,887.21","2,530,305.37","9,884.01","424,320.33","1,657.50","219,957.54","","859.21","874,288.60","3,415.19","96,870.29","378.4","110,000.00","429.69","248,745.17","971.66","4,504,487.30","17,595.66"
"7830640",NA,"State Specialty Schools II-Liberation Academy","129","413,476.72","3,205.25","16.2","1,991,888.00","15,440.99","78.04","147,053.65","1,139.95","5.76","2,552,418.37","19,786.19","1,199,749.66","9,300.38","193,039.41","1,496.43","36,916.64","","286.18","520,656.52","4,036.10","225,706.27","1,749.66","25,200.00","195.35","132,946.94","1,030.60","2,334,215.44","18,094.70"
"7830641",NA,"State Specialty Schools II-Resurgence Hall Middle Academy","209","268,682.59","1,285.56","7.83","2,998,128.00","14,345.11","87.39","163,913.00","784.27","4.78","3,430,723.59","16,414.94","1,347,326.27","6,446.54","220,014.81","1,052.70","187,084.39","","895.14","86,369.46","413.25","779,015.10","3,727.34","5,497.57","26.3","139,345.53","666.73","2,764,653.13","13,228.00"
"7830642",NA,"State Specialty Schools II-Destinations Career Academy of Georgia (Virtual)","599","","","","5,254,237.00","8,771.68","92.55","422,962.06","706.11","7.45","5,677,199.06","9,477.79","3,251,114.79","5,427.57","641,855.09","1,071.54","85,906.93","","143.42","621,587.73","1,037.71","354,453.92","591.74","","","34,669.20","57.88","4,989,587.66","8,329.86"
"7830643",NA,"State Specialty Schools II-Amana Academy West Atlanta","216","160,579.45","743.42","4.44","3,363,569.55","15,572.08","92.93","95,271.26","441.07","2.63","3,619,420.26","16,756.57","1,900,343.94","8,797.89","404,728.24","1,873.74","77,254.42","","357.66","468,247.11","2,167.81","280,776.00","1,299.89","84,193.15","389.78","701,291.68","3,246.72","3,916,834.54","18,133.49"
"7830644",NA,"State Specialty Schools II-The Anchor School","207","415,531.89","2,007.40","10.49","2,739,997.10","13,236.70","69.15","806,817.91","3,897.67","20.36","3,962,346.90","19,141.77","1,562,811.10","7,549.81","291,943.68","1,410.36","125,507.91","","606.32","408,102.38","1,971.51","424,825.32","2,052.30","87,294.64","421.71","291,680.41","1,409.08","3,192,165.44","15,421.09"
"7830645",NA,"State Specialty Schools II-Zest Preparatory Academy School","207","3,077,510.94","14,867.20","96.53","-71,783.79","-346.78","-2.25","182,450.59","881.4","5.72","3,188,177.74","15,401.82","1,502,318.33","7,257.58","397,931.59","1,922.37","","","","389,504.31","1,881.66","232,726.72","1,124.28","","","446,603.70","2,157.51","2,969,084.65","14,343.40"
"7830646",NA,"State Specialty Schools II-Sankofa Montessori","145","414,914.94","2,861.48","14.34","2,159,921.00","14,896.01","74.63","319,407.82","2,202.81","11.04","2,894,243.76","19,960.30","1,079,542.43","7,445.12","427,256.93","2,946.60","123,915.88","","854.59","140,757.21","970.74","539,226.08","3,718.80","","","255,941.21","1,765.11","2,566,639.74","17,700.96"
"7830647",NA,"State Specialty Schools II-RISE Preparatory Charter School","319","225,831.27","707.94","2.98","7,205,758.13","22,588.58","95.1","145,723.46","456.81","1.92","7,577,312.86","23,753.33","2,528,206.24","7,925.41","450,556.66","1,412.40","149,128.99","","467.49","653,894.86","2,049.83","596,581.59","1,870.16","184,147.22","577.26","574,113.91","1,799.73","5,136,629.47","16,102.28"
"7830648",NA,"State Specialty Schools II-Excelsior Village Academies","88","457,427.47","5,198.04","18.43","1,150,733.00","13,076.51","46.36","873,933.59","9,931.06","35.21","2,482,094.06","28,205.61","484,342.91","5,503.90","468,431.05","5,323.08","13,920.00","","158.18","495,936.67","5,635.64","171,128.68","1,944.64","","","141,954.01","1,613.11","1,775,713.32","20,178.55"
"7830649",NA,"State Specialty Schools II-Rocky Creek Charter Academy","47","104,297.55","2,219.10","10.99","734,067.00","15,618.45","77.32","110,962.75","2,360.91","11.69","949,327.30","20,198.46","580,034.36","12,341.16","6,447.50","137.18","41,093.62","","874.33","6,084.27","129.45","150,243.38","3,196.67","","","108,297.29","2,304.20","892,200.42","18,982.99"
"784",NA,"Pelham City","1,211","1,385,947.12","1,144.47","7.37","15,585,931.44","12,870.30","82.94","1,820,703.90","1,503.47","9.69","18,792,582.46","15,518.24","11,589,196.43","9,569.94","642,076.82","530.2","1,242,354.83","","1,025.89","701,263.85","579.08","1,329,611.42","1,097.95","816,734.83","674.43","1,558,328.80","1,286.81","17,879,566.98","14,764.30"
"785",NA,"Rome City","6,446","33,767,352.38","5,238.50","33.98","56,026,700.83","8,691.70","56.38","9,585,922.91","1,487.11","9.65","99,379,976.12","15,417.31","57,263,494.70","8,883.57","5,604,825.34","869.5","3,856,992.58","","598.35","3,871,067.38","600.54","5,812,924.07","901.79","3,665,679.32","568.68","9,489,259.10","1,472.12","89,564,242.49","13,894.55"
"786",NA,"Social Circle City","1,952","8,808,929.64","4,512.77","29.76","19,582,996.96","10,032.27","66.16","1,208,370.36","619.04","4.08","29,600,296.96","15,164.08","18,017,113.32","9,230.08","1,999,524.75","1,024.35","1,338,539.96","","685.73","2,117,613.73","1,084.84","1,909,648.86","978.3","1,469,867.85","753.01","2,214,400.52","1,134.43","29,066,708.99","14,890.74"
"789",NA,"Thomasville City","2,490","16,538,344.28","6,641.91","42.03","18,884,652.82","7,584.20","47.99","3,929,413.45","1,578.08","9.99","39,352,410.55","15,804.19","24,121,000.78","9,687.15","2,606,237.34","1,046.68","3,114,070.33","","1,250.63","2,174,910.61","873.46","2,756,175.87","1,106.90","1,513,263.70","607.74","3,336,156.17","1,339.82","39,621,814.80","15,912.38"
"791",NA,"Trion City","1,198","2,211,870.38","1,846.30","11.66","16,023,038.48","13,374.82","84.47","733,102.44","611.94","3.86","18,968,011.30","15,833.06","10,782,129.99","9,000.11","959,626.99","801.02","797,604.14","","665.78","1,205,030.57","1,005.87","1,177,609.23","982.98","74,334.76","62.05","2,656,251.00","2,217.24","17,652,586.68","14,735.05"
"792",NA,"Valdosta City","8,107","38,972,870.41","4,807.31","33.69","63,695,128.96","7,856.81","55.07","13,000,766.41","1,603.65","11.24","115,668,765.78","14,267.77","66,458,781.49","8,197.70","6,059,083.35","747.39","7,877,199.42","","971.65","4,518,783.50","557.39","6,515,820.07","803.73","4,641,903.81","572.58","12,249,877.35","1,511.02","108,321,448.99","13,361.46"
"793",NA,"Vidalia City","2,165","8,282,115.78","3,825.46","27.52","18,808,721.03","8,687.63","62.5","3,004,195.31","1,387.62","9.98","30,095,032.12","13,900.71","18,581,216.23","8,582.55","2,032,280.95","938.7","2,036,784.03","","940.78","1,538,252.10","710.51","1,965,506.29","907.86","1,190,470.75","549.87","3,157,116.26","1,458.25","30,501,626.61","14,088.52"
"State Total",NA,"","1,744,600","12,170,264,061.63","6,975.96","50.74","13,545,123,078.79","7,764.03","50.44","1,793,537,165.07","1,028.05","6.52","27,508,924,305.49","15,768.04","16,846,685,816.12","9,656.47","1,472,359,593.14","843.95","1,510,661,336.59","","865.91","1,310,423,632.07","751.13","1,720,238,599.29","986.04","1,440,260,245.47","825.55","2,353,907,068.39","1,349.25","26,654,536,291.07","15,278.31"
